app,impl,bitstream,msgs,blocks_per_msg,bytes,runs,warmup,cycles_med,cycles_q1,cycles_q3,cycles_min,cycles_max,instrs,core_instrs,balance,cycles_per_byte_med,git,date
chacha_poly,s1,combined,128,1,8192,30,5,56118,55558,57035,53646,59458,18304,9152:9152,1.0000,6.8504,v3.0-604-g56860fbc1,2026-09-04T13:37:34
chacha_poly,s1,combined,128,2,16384,30,5,77016,76117,78215,74741,81165,27968,13984:13984,1.0000,4.7007,v3.0-604-g56860fbc1,2026-09-04T13:37:34
chacha_poly,s1,combined,128,4,32768,30,5,118164,116307,119001,114724,125387,47296,23648:23648,1.0000,3.6061,v3.0-604-g56860fbc1,2026-09-04T13:37:34
chacha_poly,s1,combined,128,16,131072,30,5,349837,346536,351889,342102,361914,163264,81632:81632,1.0000,2.6690,v3.0-604-g56860fbc1,2026-09-04T13:37:34
chacha_poly,s1,combined,128,32,262144,30,5,673042,670145,679108,665516,693385,317888,158944:158944,1.0000,2.5675,v3.0-604-g56860fbc1,2026-09-04T13:37:34
chacha_poly,s1,combined,128,64,524288,30,5,1346350,1339651,1356838,1332661,1377350,627136,313568:313568,1.0000,2.5680,v3.0-604-g56860fbc1,2026-09-04T13:37:34
aes_gcm,hw_s1,combined,128,2,4096,30,5,38292,37939,38630,37533,39276,11786,5893:5893,1.0000,9.3486,v3.0-604-g56860fbc1,2026-09-04T13:41:16
aes_gcm,hw_s1,combined,128,4,8192,30,5,49023,48527,49282,47579,52017,18250,9125:9125,1.0000,5.9843,v3.0-604-g56860fbc1,2026-09-04T13:41:16
aes_gcm,hw_s1,combined,128,8,16384,30,5,71138,68956,73474,67884,75886,31178,15589:15589,1.0000,4.3419,v3.0-604-g56860fbc1,2026-09-04T13:41:16
aes_gcm,hw_s1,combined,128,64,131072,30,5,372092,368477,379105,357186,389950,212170,106085:106085,1.0000,2.8388,v3.0-604-g56860fbc1,2026-09-04T13:41:16
aes_gcm,hw_s1,combined,128,128,262144,30,5,749604,742412,756293,724994,767199,419018,209509:209509,1.0000,2.8595,v3.0-604-g56860fbc1,2026-09-04T13:41:16
aes_gcm,hw_s1,combined,128,256,524288,30,5,1482461,1476351,1488637,1455780,1510220,832714,416357:416357,1.0000,2.8276,v3.0-604-g56860fbc1,2026-09-04T13:41:16
aes_gcm,hw_s3g,combined,128,2,4096,30,5,24610,24368,24692,24164,24829,7362,3681:3681,1.0000,6.0083,v3.0-604-g56860fbc1,2026-09-04T13:41:16
aes_gcm,hw_s3g,combined,128,4,8192,30,5,28291,28092,28500,26980,29055,10242,5121:5121,1.0000,3.4535,v3.0-604-g56860fbc1,2026-09-04T13:41:16
aes_gcm,hw_s3g,combined,128,8,16384,30,5,36089,35937,36256,35662,36565,16002,8001:8001,1.0000,2.2027,v3.0-604-g56860fbc1,2026-09-04T13:41:16
aes_gcm,hw_s3g,combined,128,64,131072,30,5,145501,145233,145854,144509,146682,96642,48321:48321,1.0000,1.1101,v3.0-604-g56860fbc1,2026-09-04T13:41:16
aes_gcm,hw_s3g,combined,128,128,262144,30,5,282664,281091,283657,279043,284902,188802,94401:94401,1.0000,1.0783,v3.0-604-g56860fbc1,2026-09-04T13:41:16
aes_gcm,hw_s3g,combined,128,256,524288,30,5,554896,553738,555367,547256,557889,373122,186561:186561,1.0000,1.0584,v3.0-604-g56860fbc1,2026-09-04T13:41:16
chacha_poly,sg16,combined,128,1,8192,10,3,514208,507763,523422,503471,527343,293712,146856:146856,1.0000,62.7695,v3.0-607-ged33b42e5,2026-09-04T14:11:00
chacha_poly,sg16,combined,128,2,16384,10,3,528000,522367,532887,520750,537887,299984,149992:149992,1.0000,32.2266,v3.0-607-ged33b42e5,2026-09-04T14:11:00
chacha_poly,sg16,combined,128,4,32768,10,3,549142,545164,551168,538061,552878,312528,156264:156264,1.0000,16.7585,v3.0-607-ged33b42e5,2026-09-04T14:11:00
chacha_poly,sg16,combined,128,16,131072,10,3,687239,684353,690173,678589,692842,387792,193896:193896,1.0000,5.2432,v3.0-607-ged33b42e5,2026-09-04T14:11:00
chacha_poly,sg16,combined,128,32,262144,10,3,886578,882199,891082,875039,895307,488144,244072:244072,1.0000,3.3820,v3.0-607-ged33b42e5,2026-09-04T14:11:00
chacha_poly,sg16,combined,128,64,524288,10,3,1289343,1285678,1293390,1277892,1295660,688848,344424:344424,1.0000,2.4592,v3.0-607-ged33b42e5,2026-09-04T14:11:00
chacha_poly,s3f,chacha-s3f,128,1,8192,10,3,131196,129964,132300,129144,135783,53200,26600:26600,1.0000,16.0151,v3.0-608-g9315f6a4a-dirty,2026-09-04T15:00:47
chacha_poly,s3f,chacha-s3f,128,2,16384,10,3,151640,150518,152892,148359,153823,64784,32392:32392,1.0000,9.2554,v3.0-608-g9315f6a4a-dirty,2026-09-04T15:00:47
chacha_poly,s3f,chacha-s3f,128,4,32768,10,3,195272,193680,195894,192934,198815,87952,43976:43976,1.0000,5.9592,v3.0-608-g9315f6a4a-dirty,2026-09-04T15:00:47
chacha_poly,s3f,chacha-s3f,128,16,131072,10,3,455763,454383,456690,452094,458923,226960,113480:113480,1.0000,3.4772,v3.0-608-g9315f6a4a-dirty,2026-09-04T15:00:47
chacha_poly,s3f,chacha-s3f,128,32,262144,10,3,802472,801218,803904,798639,807095,412304,206152:206152,1.0000,3.0612,v3.0-608-g9315f6a4a-dirty,2026-09-04T15:00:47
chacha_poly,s3f,chacha-s3f,128,64,524288,10,3,1497911,1497458,1499316,1496238,1503020,782992,391496:391496,1.0000,2.8570,v3.0-608-g9315f6a4a-dirty,2026-09-04T15:00:47
chacha_poly,s2,chacha-s2p,128,1,8192,10,3,31968,31744,32202,31567,33044,7048,3524:3524,1.0000,3.9023,v3.0-609-g8b906be6c-dirty,2026-09-04T15:08:05
chacha_poly,s2,chacha-s2p,128,2,16384,10,3,36686,36515,36880,35999,37443,10744,5372:5372,1.0000,2.2391,v3.0-609-g8b906be6c-dirty,2026-09-04T15:08:05
chacha_poly,s2,chacha-s2p,128,4,32768,10,3,46469,46205,46548,45914,47091,18136,9068:9068,1.0000,1.4181,v3.0-609-g8b906be6c-dirty,2026-09-04T15:08:05
chacha_poly,s2,chacha-s2p,128,16,131072,10,3,108260,107933,109103,107511,110046,62488,31244:31244,1.0000,0.8260,v3.0-609-g8b906be6c-dirty,2026-09-04T15:08:05
chacha_poly,s2,chacha-s2p,128,32,262144,10,3,206938,204063,209138,201447,210554,121624,60812:60812,1.0000,0.7894,v3.0-609-g8b906be6c-dirty,2026-09-04T15:08:05
chacha_poly,s2,chacha-s2p,128,64,524288,10,3,392005,389096,401376,386464,424740,239896,119948:119948,1.0000,0.7477,v3.0-609-g8b906be6c-dirty,2026-09-04T15:08:05
aes_gcm,hw_s2,s2p,128,2,4096,10,3,18323,18109,18429,17812,18846,3776,1888:1888,1.0000,4.4734,v3.0-610-g7ec194d30-dirty,2026-09-04T15:19:51
aes_gcm,hw_s2,s2p,128,4,8192,10,3,20039,19840,20240,19706,20448,4848,2424:2424,1.0000,2.4462,v3.0-610-g7ec194d30-dirty,2026-09-04T15:19:51
aes_gcm,hw_s2,s2p,128,8,16384,10,3,23278,23133,23503,22785,23865,6992,3496:3496,1.0000,1.4208,v3.0-610-g7ec194d30-dirty,2026-09-04T15:19:51
aes_gcm,hw_s2,s2p,128,64,131072,10,3,133907,130422,134944,129098,155237,37008,18504:18504,1.0000,1.0216,v3.0-610-g7ec194d30-dirty,2026-09-04T15:19:51
aes_gcm,hw_s2,s2p,128,128,262144,10,3,280092,276998,287589,275873,304752,71312,35656:35656,1.0000,1.0685,v3.0-610-g7ec194d30-dirty,2026-09-04T15:19:51
aes_gcm,hw_s2,s2p,128,256,524288,10,3,572484,564969,577506,515061,663619,139920,69960:69960,1.0000,1.0919,v3.0-610-g7ec194d30-dirty,2026-09-04T15:19:51
chacha_poly,sg16,arx16,128,1,8192,10,3,532129,523967,537059,521774,542474,305864,152932:152932,1.0000,64.9572,v3.0-611-gb61bb4813-dirty,2026-09-04T15:59:07
chacha_poly,sg16,arx16,128,2,16384,10,3,546065,542353,549691,540248,552313,323912,161956:161956,1.0000,33.3292,v3.0-611-gb61bb4813-dirty,2026-09-04T15:59:07
chacha_poly,sg16,arx16,128,4,32768,10,3,592236,590256,595054,586535,602462,360008,180004:180004,1.0000,18.0736,v3.0-611-gb61bb4813-dirty,2026-09-04T15:59:07
chacha_poly,sg16,arx16,128,16,131072,10,3,908458,906949,911548,900889,913838,576584,288292:288292,1.0000,6.9310,v3.0-611-gb61bb4813-dirty,2026-09-04T15:59:07
chacha_poly,sg16,arx16,128,32,262144,10,3,1339511,1338743,1341012,1331812,1349221,865352,432676:432676,1.0000,5.1098,v3.0-611-gb61bb4813-dirty,2026-09-04T15:59:07
chacha_poly,sg16,arx16,128,64,524288,10,3,2206415,2200895,2210064,2195386,2212496,1442888,721444:721444,1.0000,4.2084,v3.0-611-gb61bb4813-dirty,2026-09-04T15:59:07
aes_gcm,sw_ttable,sw-anyimg,128,2,4096,8,2,256583,254476,259597,251959,261840,116742,58371:58371,1.0000,62.6423,v3.0-612-g9305f6cfd-dirty,2026-09-04T17:22:15
aes_gcm,sw_ttable,sw-anyimg,128,4,8192,8,2,393970,388752,398054,385401,400821,192790,96395:96395,1.0000,48.0921,v3.0-612-g9305f6cfd-dirty,2026-09-04T17:22:15
aes_gcm,sw_ttable,sw-anyimg,128,8,16384,8,2,664236,662831,666708,658781,668713,344886,172443:172443,1.0000,40.5417,v3.0-612-g9305f6cfd-dirty,2026-09-04T17:22:15
aes_gcm,sw_ttable,sw-anyimg,128,64,131072,8,2,4511349,4454864,4535292,4386431,4590730,2474230,1237115:1237115,1.0000,34.4189,v3.0-612-g9305f6cfd-dirty,2026-09-04T17:22:15
aes_gcm,sw_ttable,sw-anyimg,128,128,262144,8,2,9066384,8994616,9095410,8990715,9108759,4907766,2453883:2453883,1.0000,34.5855,v3.0-612-g9305f6cfd-dirty,2026-09-04T17:22:15
aes_gcm,sw_ttable,sw-anyimg,128,256,524288,8,2,17986299,17913500,18017049,17890275,18052198,9774886,4887443:4887443,1.0000,34.3061,v3.0-612-g9305f6cfd-dirty,2026-09-04T17:22:15
chacha_poly,sw,sw-anyimg,128,1,8192,8,2,117469,116952,118416,115510,119503,39504,19752:19752,1.0000,14.3395,v3.0-612-g9305f6cfd-dirty,2026-09-04T17:32:18
chacha_poly,sw,sw-anyimg,128,2,16384,8,2,158694,156358,162775,155346,164592,60280,30140:30140,1.0000,9.6859,v3.0-612-g9305f6cfd-dirty,2026-09-04T17:32:18
chacha_poly,sw,sw-anyimg,128,4,32768,8,2,241391,233493,243300,232004,245141,101832,50916:50916,1.0000,7.3667,v3.0-612-g9305f6cfd-dirty,2026-09-04T17:32:18
chacha_poly,sw,sw-anyimg,128,16,131072,8,2,663479,657778,666055,653654,673208,351144,175572:175572,1.0000,5.0619,v3.0-612-g9305f6cfd-dirty,2026-09-04T17:32:18
chacha_poly,sw,sw-anyimg,128,32,262144,8,2,1239576,1227133,1253647,1219648,1290694,683560,341780:341780,1.0000,4.7286,v3.0-612-g9305f6cfd-dirty,2026-09-04T17:32:18
chacha_poly,sw,sw-anyimg,128,64,524288,8,2,2383985,2362901,2423516,2357938,2437964,1348392,674196:674196,1.0000,4.5471,v3.0-612-g9305f6cfd-dirty,2026-09-04T17:32:18
chacha_poly,rori,sw-anyimg,128,1,8192,8,2,107200,105933,109737,105665,113364,29328,14664:14664,1.0000,13.0860,v3.0-612-g9305f6cfd-dirty,2026-09-04T17:32:18
chacha_poly,rori,sw-anyimg,128,2,16384,8,2,146535,141657,147864,138545,150141,45072,22536:22536,1.0000,8.9438,v3.0-612-g9305f6cfd-dirty,2026-09-04T17:32:18
chacha_poly,rori,sw-anyimg,128,4,32768,8,2,212627,209875,221694,209317,223433,76560,38280:38280,1.0000,6.4889,v3.0-612-g9305f6cfd-dirty,2026-09-04T17:32:18
chacha_poly,rori,sw-anyimg,128,16,131072,8,2,646061,633052,648694,617234,663612,265488,132744:132744,1.0000,4.9291,v3.0-612-g9305f6cfd-dirty,2026-09-04T17:32:18
chacha_poly,rori,sw-anyimg,128,32,262144,8,2,1226629,1205659,1240879,1200687,1262289,517392,258696:258696,1.0000,4.6792,v3.0-612-g9305f6cfd-dirty,2026-09-04T17:32:18
chacha_poly,rori,sw-anyimg,128,64,524288,8,2,2394578,2358895,2433711,2283574,2455368,1021200,510600:510600,1.0000,4.5673,v3.0-612-g9305f6cfd-dirty,2026-09-04T17:32:18
