app,impl,driver,cores,warps,threads,msgs,blocks_per_msg,blocks,bytes,cycles,instrs,opts,extensions,log
aes_gcm,hw_s1,rtlsim,2,4,16,32,4,128,2048,50958,5236,-n32 -b4 -i1,AUTH AUTH_S2 AUTH_SG4 SYM SYM_S2 SYM_SG4,archive-2026-08/ci2.log
aes_gcm,hw_s1,rtlsim,2,4,16,32,4,128,2048,50958,5236,-n32 -b4 -i1,AUTH AUTH_S2 AUTH_SG4 SYM_CHACHA SYM SYM_S2 SYM_SG4,archive-2026-08/ci3.log
aes_gcm,hw_s1,rtlsim,2,4,16,32,4,128,2048,50958,5236,-n32 -b4 -i1,AUTH AUTH_POLY AUTH_POLY_SG4 AUTH_S2 AUTH_SG4 SYM_CHACHA SYM_CHACHA_SG4 SYM SYM_S2 SYM_SG4,archive-2026-08/ci5.log
aes_gcm,hw_s1,rtlsim,2,4,16,32,4,128,2048,50958,5236,-n32 -b4 -i1,AUTH AUTH_POLY AUTH_POLY_SG4 AUTH_S2 AUTH_SG4 SYM_CHACHA SYM_CHACHA_S2 SYM_CHACHA_SG4 SYM SYM_S2 SYM_SG4,archive-2026-08/ci6.log
aes_gcm,hw_s1,rtlsim,1,4,4,64,4,256,4096,90808,34575,-n32 -b4 -i1,AUTH AUTH_S2 AUTH_SG4 SYM SYM_S2 SYM_SG4,archive-2026-08/ci2.log
aes_gcm,hw_s1,rtlsim,1,4,4,64,4,256,5120,132320,49359,-n32 -b4 -i1,AUTH AUTH_S2 AUTH_SG4 SYM SYM_S2 SYM_SG4,archive-2026-08/ci2.log
aes_gcm,hw_s1,rtlsim,1,4,4,64,4,256,4096,91380,34575,-n32 -b4 -i1,AUTH AUTH_S2 AUTH_SG4 SYM SYM_S2 SYM_SG4,archive-2026-08/ci2.log
aes_gcm,hw_s1,rtlsim,1,4,4,64,4,256,5120,134312,49359,-n32 -b4 -i1,AUTH AUTH_S2 AUTH_SG4 SYM SYM_S2 SYM_SG4,archive-2026-08/ci2.log
aes_gcm,hw_s1,rtlsim,1,4,4,64,4,256,4096,90808,34575,-n32 -b4 -i1,AUTH AUTH_S2 AUTH_SG4 SYM_CHACHA SYM SYM_S2 SYM_SG4,archive-2026-08/ci3.log
aes_gcm,hw_s1,rtlsim,1,4,4,64,4,256,5120,132320,49359,-n32 -b4 -i1,AUTH AUTH_S2 AUTH_SG4 SYM_CHACHA SYM SYM_S2 SYM_SG4,archive-2026-08/ci3.log
aes_gcm,hw_s1,rtlsim,1,4,4,64,4,256,4096,91380,34575,-n32 -b4 -i1,AUTH AUTH_S2 AUTH_SG4 SYM_CHACHA SYM SYM_S2 SYM_SG4,archive-2026-08/ci3.log
aes_gcm,hw_s1,rtlsim,1,4,4,64,4,256,5120,134312,49359,-n32 -b4 -i1,AUTH AUTH_S2 AUTH_SG4 SYM_CHACHA SYM SYM_S2 SYM_SG4,archive-2026-08/ci3.log
aes_gcm,hw_s1,rtlsim,1,4,4,64,4,256,4096,90808,34575,-n32 -b4 -i1,AUTH AUTH_POLY AUTH_POLY_SG4 AUTH_S2 AUTH_SG4 SYM_CHACHA SYM_CHACHA_SG4 SYM SYM_S2 SYM_SG4,archive-2026-08/ci5.log
aes_gcm,hw_s1,rtlsim,1,4,4,64,4,256,5120,132320,49359,-n32 -b4 -i1,AUTH AUTH_POLY AUTH_POLY_SG4 AUTH_S2 AUTH_SG4 SYM_CHACHA SYM_CHACHA_SG4 SYM SYM_S2 SYM_SG4,archive-2026-08/ci5.log
aes_gcm,hw_s1,rtlsim,1,4,4,64,4,256,4096,91380,34575,-n32 -b4 -i1,AUTH AUTH_POLY AUTH_POLY_SG4 AUTH_S2 AUTH_SG4 SYM_CHACHA SYM_CHACHA_SG4 SYM SYM_S2 SYM_SG4,archive-2026-08/ci5.log
aes_gcm,hw_s1,rtlsim,1,4,4,64,4,256,5120,134312,49359,-n32 -b4 -i1,AUTH AUTH_POLY AUTH_POLY_SG4 AUTH_S2 AUTH_SG4 SYM_CHACHA SYM_CHACHA_SG4 SYM SYM_S2 SYM_SG4,archive-2026-08/ci5.log
aes_gcm,hw_s1,rtlsim,1,4,4,64,4,256,4096,90808,34575,-n32 -b4 -i1,AUTH AUTH_POLY AUTH_POLY_SG4 AUTH_S2 AUTH_SG4 SYM_CHACHA SYM_CHACHA_S2 SYM_CHACHA_SG4 SYM SYM_S2 SYM_SG4,archive-2026-08/ci6.log
aes_gcm,hw_s1,rtlsim,1,4,4,64,4,256,5120,132320,49359,-n32 -b4 -i1,AUTH AUTH_POLY AUTH_POLY_SG4 AUTH_S2 AUTH_SG4 SYM_CHACHA SYM_CHACHA_S2 SYM_CHACHA_SG4 SYM SYM_S2 SYM_SG4,archive-2026-08/ci6.log
aes_gcm,hw_s1,rtlsim,1,4,4,64,4,256,4096,91380,34575,-n32 -b4 -i1,AUTH AUTH_POLY AUTH_POLY_SG4 AUTH_S2 AUTH_SG4 SYM_CHACHA SYM_CHACHA_S2 SYM_CHACHA_SG4 SYM SYM_S2 SYM_SG4,archive-2026-08/ci6.log
aes_gcm,hw_s1,rtlsim,1,4,4,64,4,256,5120,134312,49359,-n32 -b4 -i1,AUTH AUTH_POLY AUTH_POLY_SG4 AUTH_S2 AUTH_SG4 SYM_CHACHA SYM_CHACHA_S2 SYM_CHACHA_SG4 SYM SYM_S2 SYM_SG4,archive-2026-08/ci6.log
aes_gcm,hw_s1,rtlsim,2,4,16,128,8,1024,16384,149432,31178,-n128 -b8 -i1,AUTH AUTH_S2 AUTH_SG4 SYM SYM_S2 SYM_SG4,archive-2026-08/rt_1_8.log
aes_gcm,hw_s1,rtlsim,2,4,16,128,8,1024,16384,97495,31194,-n128 -b8 -i1,AUTH AUTH_S2 AUTH_SG4 SYM SYM_S2 SYM_SG4 VX_MEM_STACK_SKEW_LOG2,archive-2026-08/sk_1_8.log
aes_gcm,hw_s1,rtlsim,2,1,16,128,64,8192,131072,1099597,211220,-n128 -b64 -i1,AUTH AUTH_S2 SYM SYM_S2 VX_MEM_STACK_SKEW_LOG2,archive-2026-08/E_1_1.log
aes_gcm,hw_s1,rtlsim,2,2,16,128,64,8192,131072,670778,211546,-n128 -b64 -i1,AUTH AUTH_S2 SYM SYM_S2 VX_MEM_STACK_SKEW_LOG2,archive-2026-08/E_2_1.log
aes_gcm,hw_s1,rtlsim,2,4,16,128,64,8192,131072,543229,212186,-n128 -b64 -i1,AUTH AUTH_S2 SYM SYM_S2 VX_MEM_STACK_SKEW_LOG2,archive-2026-08/E_4_1.log
aes_gcm,hw_s1,rtlsim,2,4,16,128,64,8192,131072,580088,212170,-n128 -b64 -i1,AUTH AUTH_S2 AUTH_SG4 SYM SYM_S2 SYM_SG4,archive-2026-08/rt_1_64.log
aes_gcm,hw_s1,rtlsim,2,4,16,128,64,8192,131072,543229,212186,-n128 -b64 -i1,AUTH AUTH_S2 AUTH_SG4 SYM SYM_S2 SYM_SG4 VX_MEM_STACK_SKEW_LOG2,archive-2026-08/sk_1_64.log
aes_gcm,hw_s1,simx,2,4,16,128,8,1024,16384,152144,31178,-n128 -b8 -i1,AUTH AUTH_S2 AUTH_SG4 SYM SYM_S2 SYM_SG4,archive-2026-08/f_1_8.log
aes_gcm,hw_s1,simx,2,4,16,128,64,8192,131072,555063,212170,-n128 -b64 -i1,AUTH AUTH_S2 AUTH_SG4 SYM SYM_S2 SYM_SG4,archive-2026-08/f_1_64.log
aes_gcm,hw_s1_ilv,rtlsim,1,4,4,64,4,256,4096,92987,34811,-n32 -b4 -i1,AUTH AUTH_S2 AUTH_SG4 SYM SYM_S2 SYM_SG4,archive-2026-08/ci2.log
aes_gcm,hw_s1_ilv,rtlsim,1,4,4,64,4,256,4096,92987,34811,-n32 -b4 -i1,AUTH AUTH_S2 AUTH_SG4 SYM_CHACHA SYM SYM_S2 SYM_SG4,archive-2026-08/ci3.log
aes_gcm,hw_s1_ilv,rtlsim,1,4,4,64,4,256,4096,92987,34811,-n32 -b4 -i1,AUTH AUTH_POLY AUTH_POLY_SG4 AUTH_S2 AUTH_SG4 SYM_CHACHA SYM_CHACHA_SG4 SYM SYM_S2 SYM_SG4,archive-2026-08/ci5.log
aes_gcm,hw_s1_ilv,rtlsim,1,4,4,64,4,256,4096,92987,34811,-n32 -b4 -i1,AUTH AUTH_POLY AUTH_POLY_SG4 AUTH_S2 AUTH_SG4 SYM_CHACHA SYM_CHACHA_S2 SYM_CHACHA_SG4 SYM SYM_S2 SYM_SG4,archive-2026-08/ci6.log
aes_gcm,hw_s1_ilv,simx,2,4,16,128,8,1024,16384,173881,31450,-n128 -b8 -i4,AUTH AUTH_S2 AUTH_SG4 SYM SYM_S2 SYM_SG4,archive-2026-08/gi_8.log
aes_gcm,hw_s1_ilv,simx,2,4,16,128,64,8192,131072,888841,214682,-n128 -b64 -i4,AUTH AUTH_S2 AUTH_SG4 SYM SYM_S2 SYM_SG4,archive-2026-08/gi_64.log
aes_gcm,hw_s2,rtlsim,2,4,16,64,4,256,5120,79185,4472,-n64 -b4 -t5 -a20 -i10,AUTH AUTH_S2 SYM SYM_S2,archive-2026-08/bd_run.log
aes_gcm,hw_s2,rtlsim,1,4,4,64,4,256,5120,44546,14096,-n32 -b4 -i1,AUTH AUTH_S2 AUTH_SG4 SYM SYM_S2 SYM_SG4,archive-2026-08/ci2.log
aes_gcm,hw_s2,rtlsim,1,4,4,64,4,256,5120,44546,14096,-n32 -b4 -i1,AUTH AUTH_S2 AUTH_SG4 SYM_CHACHA SYM SYM_S2 SYM_SG4,archive-2026-08/ci3.log
aes_gcm,hw_s2,rtlsim,1,4,4,64,4,256,5120,44546,14096,-n32 -b4 -i1,AUTH AUTH_POLY AUTH_POLY_SG4 AUTH_S2 AUTH_SG4 SYM_CHACHA SYM_CHACHA_SG4 SYM SYM_S2 SYM_SG4,archive-2026-08/ci5.log
aes_gcm,hw_s2,rtlsim,1,4,4,64,4,256,5120,44546,14096,-n32 -b4 -i1,AUTH AUTH_POLY AUTH_POLY_SG4 AUTH_S2 AUTH_SG4 SYM_CHACHA SYM_CHACHA_S2 SYM_CHACHA_SG4 SYM SYM_S2 SYM_SG4,archive-2026-08/ci6.log
aes_gcm,hw_s2,rtlsim,1,4,4,64,4,256,5120,42781,13568,-n32 -b4 -i1,AUTH AUTH_S2 AUTH_SG4 SYM SYM_S2 SYM_SG4,archive-2026-08/ci_crypto.log
aes_gcm,hw_s2,rtlsim,2,4,16,64,4,256,5120,74168,4508,-n64 -b4 -t5 -a20 -i10,AUTH AUTH_S2 SYM SYM_S2,archive-2026-08/q_rtlsim.log
aes_gcm,hw_s2,rtlsim,2,4,16,128,8,1024,16384,55975,7008,-n128 -b8 -i10,AUTH AUTH_S2 SYM SYM_S2 VX_MEM_STACK_SKEW_LOG2,archive-2026-08/be_8.log
aes_gcm,hw_s2,rtlsim,2,4,16,128,8,1024,16384,71565,6664,-n128 -b8 -i10,AUTH AUTH_S2 AUTH_SG4 SYM SYM_S2 SYM_SG4,archive-2026-08/rt_10_8.log
aes_gcm,hw_s2,rtlsim,2,4,16,128,8,1024,16384,54939,6680,-n128 -b8 -i10,AUTH AUTH_S2 AUTH_SG4 SYM SYM_S2 SYM_SG4 VX_MEM_STACK_SKEW_LOG2,archive-2026-08/sk_10_8.log
aes_gcm,hw_s2,rtlsim,2,1,16,128,64,8192,131072,219403,35860,-n128 -b64 -i10,AUTH AUTH_S2 SYM SYM_S2 VX_MEM_STACK_SKEW_LOG2,archive-2026-08/E_1_10.log
aes_gcm,hw_s2,rtlsim,2,2,16,128,64,8192,131072,332862,36248,-n128 -b64 -i10,AUTH AUTH_S2 SYM SYM_S2 VX_MEM_STACK_SKEW_LOG2,archive-2026-08/E_2_10.log
aes_gcm,hw_s2,rtlsim,2,4,16,128,64,8192,131072,258199,37024,-n128 -b64 -i10,AUTH AUTH_S2 SYM SYM_S2 VX_MEM_STACK_SKEW_LOG2,archive-2026-08/E_4_10.log
aes_gcm,hw_s2,rtlsim,2,4,16,128,64,8192,131072,269279,34888,-n128 -b64 -i10,AUTH AUTH_S2 AUTH_SG4 SYM SYM_S2 SYM_SG4,archive-2026-08/rt_10_64.log
aes_gcm,hw_s2,rtlsim,2,4,16,128,64,8192,131072,263861,34904,-n128 -b64 -i10,AUTH AUTH_S2 AUTH_SG4 SYM SYM_S2 SYM_SG4 VX_MEM_STACK_SKEW_LOG2,archive-2026-08/sk_10_64.log
aes_gcm,hw_s2,simx,1,4,4,64,1,64,1024,12703,3968,-n64 -b1 -t0 -a0 -i10,AUTH AUTH_S2 AUTH_SG4 SYM SYM_S2 SYM_SG4,archive-2026-08/r.log
aes_gcm,hw_s2,simx,2,4,16,64,4,256,5120,77815,4472,-n64 -b4 -t5 -a20 -i10,AUTH AUTH_S2 SYM SYM_S2,archive-2026-08/bc_run.log
aes_gcm,hw_s2,simx,2,4,16,64,4,256,5120,74899,4508,-n64 -b4 -t5 -a20 -i10,AUTH AUTH_S2 SYM SYM_S2,archive-2026-08/q_simx.log
aes_gcm,hw_s2,simx,1,4,4,64,4,256,4096,20265,6992,-n64 -b4 -i10,AUTH AUTH_S2 SYM SYM_S2,archive-2026-08/s2run.log
aes_gcm,hw_s2,simx,2,4,16,128,8,1024,16384,72487,6664,-n128 -b8 -i10,AUTH AUTH_S2 AUTH_SG4 SYM SYM_S2 SYM_SG4,archive-2026-08/f_10_8.log
aes_gcm,hw_s2,simx,2,4,16,128,64,8192,131072,257717,34888,-n128 -b64 -i10,AUTH AUTH_S2 AUTH_SG4 SYM SYM_S2 SYM_SG4,archive-2026-08/f_10_64.log
aes_gcm,hw_s2_ilv,rtlsim,1,4,4,64,4,256,4096,23971,7564,-n32 -b4 -i1,AUTH AUTH_S2 AUTH_SG4 SYM SYM_S2 SYM_SG4,archive-2026-08/ci2.log
aes_gcm,hw_s2_ilv,rtlsim,1,4,4,64,4,256,4096,23971,7564,-n32 -b4 -i1,AUTH AUTH_S2 AUTH_SG4 SYM_CHACHA SYM SYM_S2 SYM_SG4,archive-2026-08/ci3.log
aes_gcm,hw_s2_ilv,rtlsim,1,4,4,64,4,256,4096,23971,7564,-n32 -b4 -i1,AUTH AUTH_POLY AUTH_POLY_SG4 AUTH_S2 AUTH_SG4 SYM_CHACHA SYM_CHACHA_SG4 SYM SYM_S2 SYM_SG4,archive-2026-08/ci5.log
aes_gcm,hw_s2_ilv,rtlsim,1,4,4,64,4,256,4096,23971,7564,-n32 -b4 -i1,AUTH AUTH_POLY AUTH_POLY_SG4 AUTH_S2 AUTH_SG4 SYM_CHACHA SYM_CHACHA_S2 SYM_CHACHA_SG4 SYM SYM_S2 SYM_SG4,archive-2026-08/ci6.log
aes_gcm,hw_s2_ilv,rtlsim,1,4,4,64,4,256,4096,20619,7068,-n32 -b4 -i1,AUTH AUTH_S2 AUTH_SG4 SYM SYM_S2 SYM_SG4,archive-2026-08/ci_crypto.log
aes_gcm,hw_s2_ilv,rtlsim,2,4,16,128,8,1024,16384,83605,6720,-n128 -b8 -i11,AUTH AUTH_S2 AUTH_SG4 SYM SYM_S2 SYM_SG4,archive-2026-08/rt_11_8.log
aes_gcm,hw_s2_ilv,rtlsim,2,4,16,128,64,8192,131072,289880,34944,-n128 -b64 -i11,AUTH AUTH_S2 AUTH_SG4 SYM SYM_S2 SYM_SG4,archive-2026-08/rt_11_64.log
aes_gcm,hw_s2_ilv,simx,2,4,16,64,4,256,4096,38892,2888,-n64 -b4 -i11,AUTH AUTH_S2 AUTH_SG4 SYM SYM_S2 SYM_SG4,archive-2026-08/ilv.log
aes_gcm,hw_s2_ilv,simx,2,4,16,128,8,1024,16384,77399,6720,-n128 -b8 -i11,AUTH AUTH_S2 AUTH_SG4 SYM SYM_S2 SYM_SG4,archive-2026-08/g_8.log
aes_gcm,hw_s2_ilv,simx,2,4,16,128,64,8192,131072,221284,34944,-n128 -b64 -i11,AUTH AUTH_S2 AUTH_SG4 SYM SYM_S2 SYM_SG4,archive-2026-08/g_64.log
aes_gcm,hw_s2a,rtlsim,1,4,4,64,4,256,5120,84138,26164,-n32 -b4 -i1,AUTH AUTH_S2 AUTH_SG4 SYM SYM_S2 SYM_SG4,archive-2026-08/ci2.log
aes_gcm,hw_s2a,rtlsim,1,4,4,64,4,256,5120,84138,26164,-n32 -b4 -i1,AUTH AUTH_S2 AUTH_SG4 SYM_CHACHA SYM SYM_S2 SYM_SG4,archive-2026-08/ci3.log
aes_gcm,hw_s2a,rtlsim,1,4,4,64,4,256,5120,84138,26164,-n32 -b4 -i1,AUTH AUTH_POLY AUTH_POLY_SG4 AUTH_S2 AUTH_SG4 SYM_CHACHA SYM_CHACHA_SG4 SYM SYM_S2 SYM_SG4,archive-2026-08/ci5.log
aes_gcm,hw_s2a,rtlsim,1,4,4,64,4,256,5120,84138,26164,-n32 -b4 -i1,AUTH AUTH_POLY AUTH_POLY_SG4 AUTH_S2 AUTH_SG4 SYM_CHACHA SYM_CHACHA_S2 SYM_CHACHA_SG4 SYM SYM_S2 SYM_SG4,archive-2026-08/ci6.log
aes_gcm,hw_s2a,rtlsim,1,4,4,64,4,256,5120,79792,25496,-n32 -b4 -i1,AUTH AUTH_S2 AUTH_SG4 SYM SYM_S2 SYM_SG4,archive-2026-08/ci_crypto.log
aes_gcm,hw_s2a,rtlsim,2,4,16,64,4,256,5120,130436,7468,-n64 -b4 -t5 -a20 -i9,AUTH SYM SYM_S2,archive-2026-08/p_rtlsim.log
aes_gcm,hw_s2a,simx,2,4,16,64,4,256,5120,131260,7468,-n64 -b4 -t5 -a20 -i9,AUTH SYM SYM_S2,archive-2026-08/p_simx.log
aes_gcm,hw_s2a,simx,2,4,16,128,8,1024,16384,222057,13688,-n128 -b8 -i9,AUTH AUTH_S2 AUTH_SG4 SYM SYM_S2 SYM_SG4,archive-2026-08/f_9_8.log
aes_gcm,hw_s2a,simx,2,4,16,128,64,8192,131072,1195488,85368,-n128 -b64 -i9,AUTH AUTH_S2 AUTH_SG4 SYM SYM_S2 SYM_SG4,archive-2026-08/f_9_64.log
aes_gcm,hw_s3,rtlsim,1,4,4,64,4,256,4096,250796,90627,-n32 -b4 -i1,AUTH AUTH_S2 AUTH_SG4 SYM SYM_S2 SYM_SG4,archive-2026-08/ci2.log
aes_gcm,hw_s3,rtlsim,1,4,4,64,4,256,4096,256345,90627,-n32 -b4 -i1,AUTH AUTH_S2 AUTH_SG4 SYM SYM_S2 SYM_SG4,archive-2026-08/ci2.log
aes_gcm,hw_s3,rtlsim,1,4,4,64,4,256,4096,250796,90627,-n32 -b4 -i1,AUTH AUTH_S2 AUTH_SG4 SYM_CHACHA SYM SYM_S2 SYM_SG4,archive-2026-08/ci3.log
aes_gcm,hw_s3,rtlsim,1,4,4,64,4,256,4096,256345,90627,-n32 -b4 -i1,AUTH AUTH_S2 AUTH_SG4 SYM_CHACHA SYM SYM_S2 SYM_SG4,archive-2026-08/ci3.log
aes_gcm,hw_s3,rtlsim,1,4,4,64,4,256,4096,250796,90627,-n32 -b4 -i1,AUTH AUTH_POLY AUTH_POLY_SG4 AUTH_S2 AUTH_SG4 SYM_CHACHA SYM_CHACHA_SG4 SYM SYM_S2 SYM_SG4,archive-2026-08/ci5.log
aes_gcm,hw_s3,rtlsim,1,4,4,64,4,256,4096,256345,90627,-n32 -b4 -i1,AUTH AUTH_POLY AUTH_POLY_SG4 AUTH_S2 AUTH_SG4 SYM_CHACHA SYM_CHACHA_SG4 SYM SYM_S2 SYM_SG4,archive-2026-08/ci5.log
aes_gcm,hw_s3,rtlsim,1,4,4,64,4,256,4096,250796,90627,-n32 -b4 -i1,AUTH AUTH_POLY AUTH_POLY_SG4 AUTH_S2 AUTH_SG4 SYM_CHACHA SYM_CHACHA_S2 SYM_CHACHA_SG4 SYM SYM_S2 SYM_SG4,archive-2026-08/ci6.log
aes_gcm,hw_s3,rtlsim,1,4,4,64,4,256,4096,256345,90627,-n32 -b4 -i1,AUTH AUTH_POLY AUTH_POLY_SG4 AUTH_S2 AUTH_SG4 SYM_CHACHA SYM_CHACHA_S2 SYM_CHACHA_SG4 SYM SYM_S2 SYM_SG4,archive-2026-08/ci6.log
aes_gcm,hw_s3f,rtlsim,1,4,4,64,4,256,4096,158093,56427,-n32 -b4 -i1,AUTH AUTH_S2 AUTH_SG4 SYM SYM_S2 SYM_SG4,archive-2026-08/ci2.log
aes_gcm,hw_s3f,rtlsim,1,4,4,64,4,256,4096,163028,56427,-n32 -b4 -i1,AUTH AUTH_S2 AUTH_SG4 SYM SYM_S2 SYM_SG4,archive-2026-08/ci2.log
aes_gcm,hw_s3f,rtlsim,1,4,4,64,4,256,4096,158093,56427,-n32 -b4 -i1,AUTH AUTH_S2 AUTH_SG4 SYM_CHACHA SYM SYM_S2 SYM_SG4,archive-2026-08/ci3.log
aes_gcm,hw_s3f,rtlsim,1,4,4,64,4,256,4096,163028,56427,-n32 -b4 -i1,AUTH AUTH_S2 AUTH_SG4 SYM_CHACHA SYM SYM_S2 SYM_SG4,archive-2026-08/ci3.log
aes_gcm,hw_s3f,rtlsim,1,4,4,64,4,256,4096,158093,56427,-n32 -b4 -i1,AUTH AUTH_POLY AUTH_POLY_SG4 AUTH_S2 AUTH_SG4 SYM_CHACHA SYM_CHACHA_SG4 SYM SYM_S2 SYM_SG4,archive-2026-08/ci5.log
aes_gcm,hw_s3f,rtlsim,1,4,4,64,4,256,4096,163028,56427,-n32 -b4 -i1,AUTH AUTH_POLY AUTH_POLY_SG4 AUTH_S2 AUTH_SG4 SYM_CHACHA SYM_CHACHA_SG4 SYM SYM_S2 SYM_SG4,archive-2026-08/ci5.log
aes_gcm,hw_s3f,rtlsim,1,4,4,64,4,256,4096,158093,56427,-n32 -b4 -i1,AUTH AUTH_POLY AUTH_POLY_SG4 AUTH_S2 AUTH_SG4 SYM_CHACHA SYM_CHACHA_S2 SYM_CHACHA_SG4 SYM SYM_S2 SYM_SG4,archive-2026-08/ci6.log
aes_gcm,hw_s3f,rtlsim,1,4,4,64,4,256,4096,163028,56427,-n32 -b4 -i1,AUTH AUTH_POLY AUTH_POLY_SG4 AUTH_S2 AUTH_SG4 SYM_CHACHA SYM_CHACHA_S2 SYM_CHACHA_SG4 SYM SYM_S2 SYM_SG4,archive-2026-08/ci6.log
aes_gcm,hw_s3g,rtlsim,1,4,4,64,4,256,4096,70609,25151,-n32 -b4 -i1,AUTH AUTH_S2 AUTH_SG4 SYM SYM_S2 SYM_SG4,archive-2026-08/ci2.log
aes_gcm,hw_s3g,rtlsim,1,4,4,64,4,256,4096,71905,25151,-n32 -b4 -i1,AUTH AUTH_S2 AUTH_SG4 SYM SYM_S2 SYM_SG4,archive-2026-08/ci2.log
aes_gcm,hw_s3g,rtlsim,1,4,4,64,4,256,4096,70609,25151,-n32 -b4 -i1,AUTH AUTH_S2 AUTH_SG4 SYM_CHACHA SYM SYM_S2 SYM_SG4,archive-2026-08/ci3.log
aes_gcm,hw_s3g,rtlsim,1,4,4,64,4,256,4096,71905,25151,-n32 -b4 -i1,AUTH AUTH_S2 AUTH_SG4 SYM_CHACHA SYM SYM_S2 SYM_SG4,archive-2026-08/ci3.log
aes_gcm,hw_s3g,rtlsim,1,4,4,64,4,256,4096,70609,25151,-n32 -b4 -i1,AUTH AUTH_POLY AUTH_POLY_SG4 AUTH_S2 AUTH_SG4 SYM_CHACHA SYM_CHACHA_SG4 SYM SYM_S2 SYM_SG4,archive-2026-08/ci5.log
aes_gcm,hw_s3g,rtlsim,1,4,4,64,4,256,4096,71905,25151,-n32 -b4 -i1,AUTH AUTH_POLY AUTH_POLY_SG4 AUTH_S2 AUTH_SG4 SYM_CHACHA SYM_CHACHA_SG4 SYM SYM_S2 SYM_SG4,archive-2026-08/ci5.log
aes_gcm,hw_s3g,rtlsim,1,4,4,64,4,256,4096,70609,25151,-n32 -b4 -i1,AUTH AUTH_POLY AUTH_POLY_SG4 AUTH_S2 AUTH_SG4 SYM_CHACHA SYM_CHACHA_S2 SYM_CHACHA_SG4 SYM SYM_S2 SYM_SG4,archive-2026-08/ci6.log
aes_gcm,hw_s3g,rtlsim,1,4,4,64,4,256,4096,71905,25151,-n32 -b4 -i1,AUTH AUTH_POLY AUTH_POLY_SG4 AUTH_S2 AUTH_SG4 SYM_CHACHA SYM_CHACHA_S2 SYM_CHACHA_SG4 SYM SYM_S2 SYM_SG4,archive-2026-08/ci6.log
aes_gcm,hw_s3g,rtlsim,2,4,16,128,8,1024,16384,73513,16002,-n128 -b8 -i8,AUTH AUTH_S2 AUTH_SG4 SYM SYM_S2 SYM_SG4,archive-2026-08/rt_8_8.log
aes_gcm,hw_s3g,rtlsim,2,4,16,128,8,1024,16384,36221,16018,-n128 -b8 -i8,AUTH AUTH_S2 AUTH_SG4 SYM SYM_S2 SYM_SG4 VX_MEM_STACK_SKEW_LOG2,archive-2026-08/sk_8_8.log
aes_gcm,hw_s3g,rtlsim,2,4,16,128,64,8192,131072,144612,96658,-n128 -b64 -i8,AUTH AUTH_SG4 SYM SYM_SG4 VX_MEM_STACK_SKEW_LOG2,archive-2026-08/nos2.log
aes_gcm,hw_s3g,rtlsim,2,4,16,128,64,8192,131072,175624,96642,-n128 -b64 -i8,AUTH AUTH_S2 AUTH_SG4 SYM SYM_S2 SYM_SG4,archive-2026-08/rt_8_64.log
aes_gcm,hw_s3g,rtlsim,2,4,16,128,64,8192,131072,144350,96658,-n128 -b64 -i8,AUTH AUTH_S2 AUTH_SG4 SYM SYM_S2 SYM_SG4 VX_MEM_STACK_SKEW_LOG2,archive-2026-08/sk_8_64.log
aes_gcm,hw_s3g,simx,2,4,16,128,8,1024,16384,74153,16002,-n128 -b8 -i8,AUTH AUTH_S2 AUTH_SG4 SYM SYM_S2 SYM_SG4,archive-2026-08/f_8_8.log
aes_gcm,hw_s3g,simx,2,4,16,128,64,8192,131072,172476,96642,-n128 -b64 -i8,AUTH AUTH_S2 AUTH_SG4 SYM SYM_S2 SYM_SG4,archive-2026-08/f_8_64.log
aes_gcm,hw_sg4,rtlsim,1,4,4,64,4,256,4096,145307,51555,-n32 -b4 -i1,AUTH AUTH_S2 AUTH_SG4 SYM SYM_S2 SYM_SG4,archive-2026-08/ci2.log
aes_gcm,hw_sg4,rtlsim,1,4,4,64,4,256,4096,145307,51555,-n32 -b4 -i1,AUTH AUTH_S2 AUTH_SG4 SYM_CHACHA SYM SYM_S2 SYM_SG4,archive-2026-08/ci3.log
aes_gcm,hw_sg4,rtlsim,1,4,4,64,4,256,4096,145307,51555,-n32 -b4 -i1,AUTH AUTH_POLY AUTH_POLY_SG4 AUTH_S2 AUTH_SG4 SYM_CHACHA SYM_CHACHA_SG4 SYM SYM_S2 SYM_SG4,archive-2026-08/ci5.log
aes_gcm,hw_sg4,rtlsim,1,4,4,64,4,256,4096,145307,51555,-n32 -b4 -i1,AUTH AUTH_POLY AUTH_POLY_SG4 AUTH_S2 AUTH_SG4 SYM_CHACHA SYM_CHACHA_S2 SYM_CHACHA_SG4 SYM SYM_S2 SYM_SG4,archive-2026-08/ci6.log
aes_gcm,sw_ttable,rtlsim,1,4,4,64,4,256,4096,924113,383936,-n32 -b4 -i1,AUTH AUTH_S2 AUTH_SG4 SYM SYM_S2 SYM_SG4,archive-2026-08/ci2.log
aes_gcm,sw_ttable,rtlsim,1,4,4,64,4,256,5120,1362917,577360,-n32 -b4 -i1,AUTH AUTH_S2 AUTH_SG4 SYM SYM_S2 SYM_SG4,archive-2026-08/ci2.log
aes_gcm,sw_ttable,rtlsim,1,4,4,64,4,256,4096,925271,383936,-n32 -b4 -i1,AUTH AUTH_S2 AUTH_SG4 SYM SYM_S2 SYM_SG4,archive-2026-08/ci2.log
aes_gcm,sw_ttable,rtlsim,1,4,4,64,4,256,5120,1378088,577360,-n32 -b4 -i1,AUTH AUTH_S2 AUTH_SG4 SYM SYM_S2 SYM_SG4,archive-2026-08/ci2.log
aes_gcm,sw_ttable,rtlsim,1,4,4,64,4,256,4096,924113,383936,-n32 -b4 -i1,AUTH AUTH_S2 AUTH_SG4 SYM_CHACHA SYM SYM_S2 SYM_SG4,archive-2026-08/ci3.log
aes_gcm,sw_ttable,rtlsim,1,4,4,64,4,256,5120,1362917,577360,-n32 -b4 -i1,AUTH AUTH_S2 AUTH_SG4 SYM_CHACHA SYM SYM_S2 SYM_SG4,archive-2026-08/ci3.log
aes_gcm,sw_ttable,rtlsim,1,4,4,64,4,256,4096,925271,383936,-n32 -b4 -i1,AUTH AUTH_S2 AUTH_SG4 SYM_CHACHA SYM SYM_S2 SYM_SG4,archive-2026-08/ci3.log
aes_gcm,sw_ttable,rtlsim,1,4,4,64,4,256,5120,1378088,577360,-n32 -b4 -i1,AUTH AUTH_S2 AUTH_SG4 SYM_CHACHA SYM SYM_S2 SYM_SG4,archive-2026-08/ci3.log
aes_gcm,sw_ttable,rtlsim,1,4,4,64,4,256,4096,924113,383936,-n32 -b4 -i1,AUTH AUTH_POLY AUTH_POLY_SG4 AUTH_S2 AUTH_SG4 SYM_CHACHA SYM_CHACHA_SG4 SYM SYM_S2 SYM_SG4,archive-2026-08/ci5.log
aes_gcm,sw_ttable,rtlsim,1,4,4,64,4,256,5120,1362917,577360,-n32 -b4 -i1,AUTH AUTH_POLY AUTH_POLY_SG4 AUTH_S2 AUTH_SG4 SYM_CHACHA SYM_CHACHA_SG4 SYM SYM_S2 SYM_SG4,archive-2026-08/ci5.log
aes_gcm,sw_ttable,rtlsim,1,4,4,64,4,256,4096,925271,383936,-n32 -b4 -i1,AUTH AUTH_POLY AUTH_POLY_SG4 AUTH_S2 AUTH_SG4 SYM_CHACHA SYM_CHACHA_SG4 SYM SYM_S2 SYM_SG4,archive-2026-08/ci5.log
aes_gcm,sw_ttable,rtlsim,1,4,4,64,4,256,5120,1378088,577360,-n32 -b4 -i1,AUTH AUTH_POLY AUTH_POLY_SG4 AUTH_S2 AUTH_SG4 SYM_CHACHA SYM_CHACHA_SG4 SYM SYM_S2 SYM_SG4,archive-2026-08/ci5.log
aes_gcm,sw_ttable,rtlsim,1,4,4,64,4,256,4096,924113,383936,-n32 -b4 -i1,AUTH AUTH_POLY AUTH_POLY_SG4 AUTH_S2 AUTH_SG4 SYM_CHACHA SYM_CHACHA_S2 SYM_CHACHA_SG4 SYM SYM_S2 SYM_SG4,archive-2026-08/ci6.log
aes_gcm,sw_ttable,rtlsim,1,4,4,64,4,256,5120,1362917,577360,-n32 -b4 -i1,AUTH AUTH_POLY AUTH_POLY_SG4 AUTH_S2 AUTH_SG4 SYM_CHACHA SYM_CHACHA_S2 SYM_CHACHA_SG4 SYM SYM_S2 SYM_SG4,archive-2026-08/ci6.log
aes_gcm,sw_ttable,rtlsim,1,4,4,64,4,256,4096,925271,383936,-n32 -b4 -i1,AUTH AUTH_POLY AUTH_POLY_SG4 AUTH_S2 AUTH_SG4 SYM_CHACHA SYM_CHACHA_S2 SYM_CHACHA_SG4 SYM SYM_S2 SYM_SG4,archive-2026-08/ci6.log
aes_gcm,sw_ttable,rtlsim,1,4,4,64,4,256,5120,1378088,577360,-n32 -b4 -i1,AUTH AUTH_POLY AUTH_POLY_SG4 AUTH_S2 AUTH_SG4 SYM_CHACHA SYM_CHACHA_S2 SYM_CHACHA_SG4 SYM SYM_S2 SYM_SG4,archive-2026-08/ci6.log
aes_gcm,sw_ttable,rtlsim,2,4,16,128,16,2048,32768,1823682,649094,-n128 -b16 -i0,AUTH SYM VX_MEM_STACK_SKEW_LOG2,archive-2026-08/sw_16.log
aes_gcm,sw_ttable,rtlsim,2,4,16,128,64,8192,131072,7025281,2474246,-n128 -b64 -i0,AUTH SYM VX_MEM_STACK_SKEW_LOG2,archive-2026-08/sw_64.log
chacha_poly,mac,rtlsim,2,4,16,64,1,64,4096,119817,17044,-n64 -b1 -i6,AUTH AUTH_POLY SYM_CHACHA SYM,archive-2026-08/s1m_6_1.log
chacha_poly,mac,rtlsim,1,4,4,64,4,256,20480,539239,224444,-n32 -b4 -i1,AUTH AUTH_POLY AUTH_POLY_SG4 AUTH_S2 AUTH_SG4 SYM_CHACHA SYM_CHACHA_SG4 SYM SYM_S2 SYM_SG4,archive-2026-08/ci5.log
chacha_poly,mac,rtlsim,1,4,4,64,4,256,20480,539734,224444,-n32 -b4 -i1,AUTH AUTH_POLY AUTH_POLY_SG4 AUTH_S2 AUTH_SG4 SYM_CHACHA SYM_CHACHA_SG4 SYM SYM_S2 SYM_SG4,archive-2026-08/ci5.log
chacha_poly,mac,rtlsim,1,4,4,64,4,256,20480,539239,224444,-n32 -b4 -i1,AUTH AUTH_POLY AUTH_POLY_SG4 AUTH_S2 AUTH_SG4 SYM_CHACHA SYM_CHACHA_S2 SYM_CHACHA_SG4 SYM SYM_S2 SYM_SG4,archive-2026-08/ci6.log
chacha_poly,mac,rtlsim,1,4,4,64,4,256,20480,539734,224444,-n32 -b4 -i1,AUTH AUTH_POLY AUTH_POLY_SG4 AUTH_S2 AUTH_SG4 SYM_CHACHA SYM_CHACHA_S2 SYM_CHACHA_SG4 SYM SYM_S2 SYM_SG4,archive-2026-08/ci6.log
chacha_poly,mac,rtlsim,2,4,16,64,4,256,16384,235342,43060,-n64 -b4 -i6,AUTH AUTH_POLY SYM_CHACHA SYM,archive-2026-08/s1m_6_4.log
chacha_poly,mac,rtlsim,2,4,16,64,4,256,20480,353800,56680,-n64 -b4 -t37 -a20 -i6,AUTH AUTH_POLY SYM_CHACHA SYM,archive-2026-08/s1p_6.log
chacha_poly,mac,rtlsim,2,4,16,64,16,1024,65536,593314,147124,-n64 -b16 -i6,AUTH AUTH_POLY SYM_CHACHA SYM,archive-2026-08/s1m_6_16.log
chacha_poly,mac,rtlsim,2,4,16,64,32,2048,131072,1057384,285876,-n64 -b32 -i6,AUTH AUTH_POLY SYM_CHACHA SYM,archive-2026-08/pf_6.log
chacha_poly,mac,simx,2,4,16,64,4,256,20480,347498,56680,-n64 -b4 -t37 -a20 -i6,AUTH AUTH_POLY SYM_CHACHA SYM,archive-2026-08/pm_6.log
chacha_poly,rori,rtlsim,2,4,16,64,1,64,4096,185286,14876,-n64 -b1 -i1,AUTH AUTH_POLY SYM_CHACHA SYM,archive-2026-08/s1m_1_1.log
chacha_poly,rori,rtlsim,2,4,16,64,1,64,4096,185286,14876,-n64 -b1 -i1,AUTH SYM_CHACHA SYM,archive-2026-08/xm_1_1.log
chacha_poly,rori,rtlsim,2,4,16,64,4,256,16384,339074,38492,-n64 -b4 -i1,AUTH SYM,archive-2026-08/cq_1_4.log
chacha_poly,rori,rtlsim,2,4,16,64,4,256,16384,339074,38492,-n64 -b4 -i1,AUTH AUTH_POLY SYM_CHACHA SYM,archive-2026-08/s1m_1_4.log
chacha_poly,rori,rtlsim,2,4,16,64,4,256,16384,339074,38492,-n64 -b4 -i1,AUTH SYM_CHACHA SYM,archive-2026-08/xm_1_4.log
chacha_poly,rori,rtlsim,2,4,16,64,8,512,32768,533662,69980,-n64 -b8 -i1,AUTH SYM,archive-2026-08/cpr_1.log
chacha_poly,rori,rtlsim,2,4,16,64,16,1024,65536,962885,132956,-n64 -b16 -i1,AUTH AUTH_POLY SYM_CHACHA SYM,archive-2026-08/s1m_1_16.log
chacha_poly,rori,rtlsim,2,4,16,64,16,1024,65536,962885,132956,-n64 -b16 -i1,AUTH SYM_CHACHA SYM,archive-2026-08/xm_1_16.log
chacha_poly,rori,rtlsim,2,4,16,64,32,2048,131072,1751046,258908,-n64 -b32 -i1,AUTH SYM,archive-2026-08/cq_1_32.log
chacha_poly,rori,rtlsim,2,4,16,64,32,2048,131072,1751046,258908,-n64 -b32 -i1,AUTH AUTH_POLY SYM_CHACHA SYM,archive-2026-08/pf_1.log
chacha_poly,rori,rtlsim,2,4,16,64,32,2048,131072,1751046,258908,-n64 -b32 -i1,AUTH SYM_CHACHA SYM,archive-2026-08/xm_1_32.log
chacha_poly,rori,simx,2,4,16,128,4,512,32768,619718,76560,-n128 -b4 -i1,AUTH SYM,archive-2026-08/cp_1_4.log
chacha_poly,rori,simx,2,4,16,128,32,4096,262144,3084585,517392,-n128 -b32 -i1,AUTH SYM,archive-2026-08/cp_1_32.log
chacha_poly,s1,rtlsim,2,4,16,64,1,64,4096,97058,9368,-n64 -b1 -i7,AUTH AUTH_POLY SYM_CHACHA SYM,archive-2026-08/s1m_7_1.log
chacha_poly,s1,rtlsim,2,4,16,64,1,64,4096,99720,9368,-n64 -b1 -i7,AUTH AUTH_POLY SYM_CHACHA SYM_CHACHA_S2 SYM,archive-2026-08/s2cm_7_1.log
chacha_poly,s1,rtlsim,2,4,16,64,1,64,4096,93177,9368,-n64 -b1 -i7,AUTH AUTH_POLY AUTH_POLY_SG4 SYM_CHACHA SYM_CHACHA_SG4 SYM,archive-2026-08/s3fm_7_1.log
chacha_poly,s1,rtlsim,2,4,16,64,1,64,4096,99720,9368,-n64 -b1 -i7,AUTH AUTH_POLY SYM_CHACHA SYM,archive-2026-08/s3m_7_1.log
chacha_poly,s1,rtlsim,2,4,16,64,1,64,4096,99385,9368,-n64 -b1 -i7,AUTH AUTH_POLY AUTH_POLY_SG4 SYM_CHACHA SYM_CHACHA_SG4 SYM,archive-2026-08/s3om_7_1.log
chacha_poly,s1,rtlsim,1,4,4,64,4,256,20480,340930,132648,-n32 -b4 -i1,AUTH AUTH_POLY AUTH_POLY_SG4 AUTH_S2 AUTH_SG4 SYM_CHACHA SYM_CHACHA_SG4 SYM SYM_S2 SYM_SG4,archive-2026-08/ci5.log
chacha_poly,s1,rtlsim,1,4,4,64,4,256,20480,338261,132648,-n32 -b4 -i1,AUTH AUTH_POLY AUTH_POLY_SG4 AUTH_S2 AUTH_SG4 SYM_CHACHA SYM_CHACHA_SG4 SYM SYM_S2 SYM_SG4,archive-2026-08/ci5.log
chacha_poly,s1,rtlsim,1,4,4,64,4,256,20480,340930,132648,-n32 -b4 -i1,AUTH AUTH_POLY AUTH_POLY_SG4 AUTH_S2 AUTH_SG4 SYM_CHACHA SYM_CHACHA_S2 SYM_CHACHA_SG4 SYM SYM_S2 SYM_SG4,archive-2026-08/ci6.log
chacha_poly,s1,rtlsim,1,4,4,64,4,256,20480,338261,132648,-n32 -b4 -i1,AUTH AUTH_POLY AUTH_POLY_SG4 AUTH_S2 AUTH_SG4 SYM_CHACHA SYM_CHACHA_S2 SYM_CHACHA_SG4 SYM SYM_S2 SYM_SG4,archive-2026-08/ci6.log
chacha_poly,s1,rtlsim,1,4,4,64,4,256,20480,339803,132648,-n32 -b4 -i1,AUTH AUTH_POLY AUTH_POLY_SG4 AUTH_S2 AUTH_SG4 SYM_CHACHA SYM_CHACHA_S2 SYM_CHACHA_SG4 SYM SYM_S2 SYM_SG4,archive-2026-08/ci7.log
chacha_poly,s1,rtlsim,1,4,4,64,4,256,20480,337950,132648,-n32 -b4 -i1,AUTH AUTH_POLY AUTH_POLY_SG4 AUTH_S2 AUTH_SG4 SYM_CHACHA SYM_CHACHA_S2 SYM_CHACHA_SG4 SYM SYM_S2 SYM_SG4,archive-2026-08/ci7.log
chacha_poly,s1,rtlsim,2,4,16,64,4,256,16384,195937,23864,-n64 -b4 -i7,AUTH AUTH_POLY SYM_CHACHA SYM,archive-2026-08/s1m_7_4.log
chacha_poly,s1,rtlsim,2,4,16,64,4,256,20480,302508,33732,-n64 -b4 -t37 -a20 -i7,AUTH AUTH_POLY SYM_CHACHA SYM,archive-2026-08/s1p_7.log
chacha_poly,s1,rtlsim,2,4,16,64,4,256,16384,191445,23864,-n64 -b4 -i7,AUTH AUTH_POLY SYM_CHACHA SYM_CHACHA_S2 SYM,archive-2026-08/s2cm_7_4.log
chacha_poly,s1,rtlsim,2,4,16,64,4,256,16384,186996,23864,-n64 -b4 -i7,AUTH AUTH_POLY AUTH_POLY_SG4 SYM_CHACHA SYM_CHACHA_SG4 SYM,archive-2026-08/s3fm_7_4.log
chacha_poly,s1,rtlsim,2,4,16,64,4,256,16384,191445,23864,-n64 -b4 -i7,AUTH AUTH_POLY SYM_CHACHA SYM,archive-2026-08/s3m_7_4.log
chacha_poly,s1,rtlsim,2,4,16,64,4,256,16384,193944,23864,-n64 -b4 -i7,AUTH AUTH_POLY AUTH_POLY_SG4 SYM_CHACHA SYM_CHACHA_SG4 SYM,archive-2026-08/s3om_7_4.log
chacha_poly,s1,rtlsim,2,4,16,64,16,1024,65536,514397,81848,-n64 -b16 -i7,AUTH AUTH_POLY SYM_CHACHA SYM,archive-2026-08/s1m_7_16.log
chacha_poly,s1,rtlsim,2,4,16,64,16,1024,65536,508041,81848,-n64 -b16 -i7,AUTH AUTH_POLY SYM_CHACHA SYM_CHACHA_S2 SYM,archive-2026-08/s2cm_7_16.log
chacha_poly,s1,rtlsim,2,4,16,64,16,1024,65536,502711,81848,-n64 -b16 -i7,AUTH AUTH_POLY AUTH_POLY_SG4 SYM_CHACHA SYM_CHACHA_SG4 SYM,archive-2026-08/s3fm_7_16.log
chacha_poly,s1,rtlsim,2,4,16,64,16,1024,65536,508041,81848,-n64 -b16 -i7,AUTH AUTH_POLY SYM_CHACHA SYM,archive-2026-08/s3m_7_16.log
chacha_poly,s1,rtlsim,2,4,16,64,16,1024,65536,513086,81848,-n64 -b16 -i7,AUTH AUTH_POLY AUTH_POLY_SG4 SYM_CHACHA SYM_CHACHA_SG4 SYM,archive-2026-08/s3om_7_16.log
chacha_poly,s1,rtlsim,2,4,16,64,32,2048,131072,979983,159160,-n64 -b32 -i7,AUTH AUTH_POLY SYM_CHACHA SYM,archive-2026-08/pf_7.log
chacha_poly,s1,rtlsim,2,4,16,64,32,2048,131072,987501,159160,-n64 -b32 -i7,AUTH AUTH_POLY SYM_CHACHA SYM_CHACHA_S2 SYM,archive-2026-08/s2cf_7.log
chacha_poly,s1,rtlsim,2,4,16,64,32,2048,131072,987501,159160,-n64 -b32 -i7,AUTH AUTH_POLY SYM_CHACHA SYM,archive-2026-08/s3f_7.log
chacha_poly,s1,rtlsim,2,4,16,64,32,2048,131072,974832,159160,-n64 -b32 -i7,AUTH AUTH_POLY AUTH_POLY_SG4 SYM_CHACHA SYM_CHACHA_SG4 SYM,archive-2026-08/s3fm_7_32.log
chacha_poly,s1,rtlsim,2,4,16,64,32,2048,131072,994892,159160,-n64 -b32 -i7,AUTH AUTH_POLY AUTH_POLY_SG4 SYM_CHACHA SYM_CHACHA_SG4 SYM,archive-2026-08/s3of_7.log
chacha_poly,s1,simx,2,4,16,64,4,256,20480,298074,33732,-n64 -b4 -t37 -a20 -i7,AUTH AUTH_POLY SYM_CHACHA SYM,archive-2026-08/pm_7.log
chacha_poly,s2,rtlsim,2,4,16,64,1,64,4096,68787,3872,-n64 -b1 -i10,AUTH AUTH_POLY SYM_CHACHA SYM_CHACHA_S2 SYM,archive-2026-08/s2cm_10_1.log
chacha_poly,s2,rtlsim,2,4,16,64,4,256,20480,188196,15796,-n64 -b4 -t37 -a20 -i10,AUTH AUTH_POLY SYM_CHACHA_S2 SYM,archive-2026-08/chpr.log
chacha_poly,s2,rtlsim,1,4,4,64,4,256,20480,175315,60184,-n32 -b4 -i1,AUTH AUTH_POLY AUTH_POLY_SG4 AUTH_S2 AUTH_SG4 SYM_CHACHA SYM_CHACHA_S2 SYM_CHACHA_SG4 SYM SYM_S2 SYM_SG4,archive-2026-08/ci6.log
chacha_poly,s2,rtlsim,1,4,4,64,4,256,20480,174611,60184,-n32 -b4 -i1,AUTH AUTH_POLY AUTH_POLY_SG4 AUTH_S2 AUTH_SG4 SYM_CHACHA SYM_CHACHA_S2 SYM_CHACHA_SG4 SYM SYM_S2 SYM_SG4,archive-2026-08/ci6.log
chacha_poly,s2,rtlsim,1,4,4,64,4,256,20480,172152,60184,-n32 -b4 -i1,AUTH AUTH_POLY AUTH_POLY_SG4 AUTH_S2 AUTH_SG4 SYM_CHACHA SYM_CHACHA_S2 SYM_CHACHA_SG4 SYM SYM_S2 SYM_SG4,archive-2026-08/ci7.log
chacha_poly,s2,rtlsim,2,4,16,64,4,256,16384,90416,9416,-n64 -b4 -i10,AUTH AUTH_POLY SYM_CHACHA SYM_CHACHA_S2 SYM,archive-2026-08/s2cm_10_4.log
chacha_poly,s2,rtlsim,2,4,16,64,4,256,20480,189168,15796,-n64 -b4 -t37 -a20 -i10,AUTH AUTH_POLY SYM_CHACHA SYM_CHACHA_S2 SYM,archive-2026-08/s2cp.log
chacha_poly,s2,rtlsim,2,4,16,64,16,1024,65536,156182,31592,-n64 -b16 -i10,AUTH AUTH_POLY SYM_CHACHA SYM_CHACHA_S2 SYM,archive-2026-08/s2cm_10_16.log
chacha_poly,s2,rtlsim,2,4,16,64,32,2048,131072,280538,61160,-n64 -b32 -i10,AUTH AUTH_POLY SYM_CHACHA SYM_CHACHA_S2 SYM,archive-2026-08/s2cf_10.log
chacha_poly,s2,simx,2,4,16,64,4,256,20480,184492,15796,-n64 -b4 -t37 -a20 -i10,AUTH AUTH_POLY SYM_CHACHA_S2 SYM,archive-2026-08/s2c.log
chacha_poly,s3,rtlsim,2,4,16,64,1,64,4096,306170,29368,-n64 -b1 -i8,AUTH AUTH_POLY AUTH_POLY_SG4 SYM_CHACHA SYM_CHACHA_SG4 SYM,archive-2026-08/s3fm_8_1.log
chacha_poly,s3,rtlsim,2,4,16,64,1,64,4096,302366,29368,-n64 -b1 -i8,AUTH AUTH_POLY SYM_CHACHA SYM,archive-2026-08/s3m_8_1.log
chacha_poly,s3,rtlsim,2,4,16,64,1,64,4096,272804,28976,-n64 -b1 -i8,AUTH AUTH_POLY AUTH_POLY_SG4 SYM_CHACHA SYM_CHACHA_SG4 SYM,archive-2026-08/s3om_8_1.log
chacha_poly,s3,rtlsim,1,4,4,64,4,256,20480,940433,347460,-n32 -b4 -i1,AUTH AUTH_POLY AUTH_POLY_SG4 AUTH_S2 AUTH_SG4 SYM_CHACHA SYM_CHACHA_SG4 SYM SYM_S2 SYM_SG4,archive-2026-08/ci5.log
chacha_poly,s3,rtlsim,1,4,4,64,4,256,20480,940433,347460,-n32 -b4 -i1,AUTH AUTH_POLY AUTH_POLY_SG4 AUTH_S2 AUTH_SG4 SYM_CHACHA SYM_CHACHA_S2 SYM_CHACHA_SG4 SYM SYM_S2 SYM_SG4,archive-2026-08/ci6.log
chacha_poly,s3,rtlsim,1,4,4,64,4,256,20480,934236,342592,-n32 -b4 -i1,AUTH AUTH_POLY AUTH_POLY_SG4 AUTH_S2 AUTH_SG4 SYM_CHACHA SYM_CHACHA_S2 SYM_CHACHA_SG4 SYM SYM_S2 SYM_SG4,archive-2026-08/ci7.log
chacha_poly,s3,rtlsim,2,4,16,64,4,256,16384,417014,50728,-n64 -b4 -i8,AUTH AUTH_POLY AUTH_POLY_SG4 SYM_CHACHA SYM_CHACHA_SG4 SYM,archive-2026-08/s3fm_8_4.log
chacha_poly,s3,rtlsim,2,4,16,64,4,256,16384,412061,50728,-n64 -b4 -i8,AUTH AUTH_POLY SYM_CHACHA SYM,archive-2026-08/s3m_8_4.log
chacha_poly,s3,rtlsim,2,4,16,64,4,256,16384,385478,50096,-n64 -b4 -i8,AUTH AUTH_POLY AUTH_POLY_SG4 SYM_CHACHA SYM_CHACHA_SG4 SYM,archive-2026-08/s3om_8_4.log
chacha_poly,s3,rtlsim,2,4,16,64,4,256,20480,957107,88216,-n64 -b4 -t37 -a20 -i8,AUTH AUTH_POLY SYM_CHACHA SYM,archive-2026-08/s3p.log
chacha_poly,s3,rtlsim,2,4,16,64,16,1024,65536,859226,136168,-n64 -b16 -i8,AUTH AUTH_POLY AUTH_POLY_SG4 SYM_CHACHA SYM_CHACHA_SG4 SYM,archive-2026-08/s3fm_8_16.log
chacha_poly,s3,rtlsim,2,4,16,64,16,1024,65536,852712,136168,-n64 -b16 -i8,AUTH AUTH_POLY SYM_CHACHA SYM,archive-2026-08/s3m_8_16.log
chacha_poly,s3,rtlsim,2,4,16,64,16,1024,65536,837214,134576,-n64 -b16 -i8,AUTH AUTH_POLY AUTH_POLY_SG4 SYM_CHACHA SYM_CHACHA_SG4 SYM,archive-2026-08/s3om_8_16.log
chacha_poly,s3,rtlsim,2,4,16,64,32,2048,131072,1334548,250088,-n64 -b32 -i8,AUTH AUTH_POLY SYM_CHACHA SYM,archive-2026-08/s3f_8.log
chacha_poly,s3,rtlsim,2,4,16,64,32,2048,131072,1338991,250088,-n64 -b32 -i8,AUTH AUTH_POLY AUTH_POLY_SG4 SYM_CHACHA SYM_CHACHA_SG4 SYM,archive-2026-08/s3fm_8_32.log
chacha_poly,s3,rtlsim,2,4,16,64,32,2048,131072,1333928,247216,-n64 -b32 -i8,AUTH AUTH_POLY AUTH_POLY_SG4 SYM_CHACHA SYM_CHACHA_SG4 SYM,archive-2026-08/s3om_8_32.log
chacha_poly,s3,simx,2,4,16,64,4,256,20480,870085,86992,-n64 -b4 -t37 -a20 -i8,AUTH AUTH_POLY AUTH_POLY_SG4 SYM_CHACHA SYM_CHACHA_SG4 SYM,archive-2026-08/rv_8.log
chacha_poly,s3,simx,2,4,16,64,4,256,16384,2353049,76480,-n64 -b4 -i8,AUTH AUTH_POLY SYM_CHACHA SYM,archive-2026-08/s3a.log
chacha_poly,s3,simx,2,4,16,64,4,256,16384,419919,50728,-n64 -b4 -i8,AUTH AUTH_POLY SYM_CHACHA SYM,archive-2026-08/s3q.log
chacha_poly,s3,simx,2,4,16,64,4,256,20480,957568,88216,-n64 -b4 -t37 -a20 -i8,AUTH AUTH_POLY SYM_CHACHA SYM,archive-2026-08/s3s.log
chacha_poly,s3,simx,2,4,16,8,32,256,16384,1473264,47212,-n8 -b32 -i8,AUTH AUTH_POLY SYM_CHACHA SYM,archive-2026-08/s3v.log
chacha_poly,s3f,rtlsim,2,4,16,64,1,64,4096,291565,27872,-n64 -b1 -i9,AUTH AUTH_POLY AUTH_POLY_SG4 SYM_CHACHA SYM_CHACHA_SG4 SYM,archive-2026-08/s3fm_9_1.log
chacha_poly,s3f,rtlsim,2,4,16,64,1,64,4096,226574,27328,-n64 -b1 -i9,AUTH AUTH_POLY AUTH_POLY_SG4 SYM_CHACHA SYM_CHACHA_SG4 SYM,archive-2026-08/s3om_9_1.log
chacha_poly,s3f,rtlsim,1,4,4,64,4,256,20480,848580,323032,-n32 -b4 -i1,AUTH AUTH_POLY AUTH_POLY_SG4 AUTH_S2 AUTH_SG4 SYM_CHACHA SYM_CHACHA_SG4 SYM SYM_S2 SYM_SG4,archive-2026-08/ci5.log
chacha_poly,s3f,rtlsim,1,4,4,64,4,256,20480,868301,323032,-n32 -b4 -i1,AUTH AUTH_POLY AUTH_POLY_SG4 AUTH_S2 AUTH_SG4 SYM_CHACHA SYM_CHACHA_SG4 SYM SYM_S2 SYM_SG4,archive-2026-08/ci5.log
chacha_poly,s3f,rtlsim,1,4,4,64,4,256,20480,848580,323032,-n32 -b4 -i1,AUTH AUTH_POLY AUTH_POLY_SG4 AUTH_S2 AUTH_SG4 SYM_CHACHA SYM_CHACHA_S2 SYM_CHACHA_SG4 SYM SYM_S2 SYM_SG4,archive-2026-08/ci6.log
chacha_poly,s3f,rtlsim,1,4,4,64,4,256,20480,868301,323032,-n32 -b4 -i1,AUTH AUTH_POLY AUTH_POLY_SG4 AUTH_S2 AUTH_SG4 SYM_CHACHA SYM_CHACHA_S2 SYM_CHACHA_SG4 SYM SYM_S2 SYM_SG4,archive-2026-08/ci6.log
chacha_poly,s3f,rtlsim,1,4,4,64,4,256,20480,843139,319448,-n32 -b4 -i1,AUTH AUTH_POLY AUTH_POLY_SG4 AUTH_S2 AUTH_SG4 SYM_CHACHA SYM_CHACHA_S2 SYM_CHACHA_SG4 SYM SYM_S2 SYM_SG4,archive-2026-08/ci7.log
chacha_poly,s3f,rtlsim,1,4,4,64,4,256,20480,853886,319448,-n32 -b4 -i1,AUTH AUTH_POLY AUTH_POLY_SG4 AUTH_S2 AUTH_SG4 SYM_CHACHA SYM_CHACHA_S2 SYM_CHACHA_SG4 SYM SYM_S2 SYM_SG4,archive-2026-08/ci7.log
chacha_poly,s3f,rtlsim,2,4,16,64,4,256,16384,380597,45152,-n64 -b4 -i9,AUTH AUTH_POLY AUTH_POLY_SG4 SYM_CHACHA SYM_CHACHA_SG4 SYM,archive-2026-08/s3fm_9_4.log
chacha_poly,s3f,rtlsim,2,4,16,64,4,256,20480,855649,82032,-n64 -b4 -t37 -a20 -i9,AUTH AUTH_POLY AUTH_POLY_SG4 SYM_CHACHA SYM_CHACHA_SG4 SYM,archive-2026-08/s3fp.log
chacha_poly,s3f,rtlsim,2,4,16,64,4,256,16384,318337,44704,-n64 -b4 -i9,AUTH AUTH_POLY AUTH_POLY_SG4 SYM_CHACHA SYM_CHACHA_SG4 SYM,archive-2026-08/s3om_9_4.log
chacha_poly,s3f,rtlsim,2,4,16,64,4,256,20480,766499,81136,-n64 -b4 -t37 -a20 -i9,AUTH AUTH_POLY AUTH_POLY_SG4 SYM_CHACHA SYM_CHACHA_SG4 SYM,archive-2026-08/s3op.log
chacha_poly,s3f,rtlsim,2,4,16,64,16,1024,65536,741477,114272,-n64 -b16 -i9,AUTH AUTH_POLY AUTH_POLY_SG4 SYM_CHACHA SYM_CHACHA_SG4 SYM,archive-2026-08/s3fm_9_16.log
chacha_poly,s3f,rtlsim,2,4,16,64,16,1024,65536,679268,114208,-n64 -b16 -i9,AUTH AUTH_POLY AUTH_POLY_SG4 SYM_CHACHA SYM_CHACHA_SG4 SYM,archive-2026-08/s3om_9_16.log
chacha_poly,s3f,rtlsim,2,4,16,64,32,2048,131072,1116981,206432,-n64 -b32 -i9,AUTH AUTH_POLY AUTH_POLY_SG4 SYM_CHACHA SYM_CHACHA_SG4 SYM,archive-2026-08/s3fm_9_32.log
chacha_poly,s3f,rtlsim,2,4,16,64,32,2048,131072,1055634,206880,-n64 -b32 -i9,AUTH AUTH_POLY AUTH_POLY_SG4 SYM_CHACHA SYM_CHACHA_SG4 SYM,archive-2026-08/s3of_9.log
chacha_poly,s3f,simx,2,4,16,64,4,256,20480,760410,81136,-n64 -b4 -t37 -a20 -i9,AUTH AUTH_POLY AUTH_POLY_SG4 SYM_CHACHA SYM_CHACHA_SG4 SYM,archive-2026-08/opt1.log
chacha_poly,s3f,simx,2,4,16,64,4,256,20480,865758,82544,-n64 -b4 -t37 -a20 -i9,AUTH AUTH_POLY AUTH_POLY_SG4 SYM_CHACHA SYM_CHACHA_SG4 SYM,archive-2026-08/opt2.log
chacha_poly,s3f,simx,2,4,16,64,4,256,20480,845720,82032,-n64 -b4 -t37 -a20 -i9,AUTH AUTH_POLY AUTH_POLY_SG4 SYM_CHACHA SYM_CHACHA_SG4 SYM,archive-2026-08/s3f.log
chacha_poly,sw,rtlsim,1,4,4,64,1,64,4096,219772,77592,-n32 -b4 -i1,AUTH AUTH_S2 AUTH_SG4 SYM SYM_S2 SYM_SG4,archive-2026-08/ci2.log
chacha_poly,sw,rtlsim,1,4,4,64,1,64,8192,375842,139912,-n32 -b4 -i1,AUTH AUTH_S2 AUTH_SG4 SYM SYM_S2 SYM_SG4,archive-2026-08/ci2.log
chacha_poly,sw,rtlsim,1,4,4,64,1,64,4096,209751,77592,-n32 -b4 -i1,AUTH AUTH_S2 AUTH_SG4 SYM SYM_S2 SYM_SG4,archive-2026-08/ci2.log
chacha_poly,sw,rtlsim,1,4,4,64,1,64,8192,365909,139912,-n32 -b4 -i1,AUTH AUTH_S2 AUTH_SG4 SYM SYM_S2 SYM_SG4,archive-2026-08/ci2.log
chacha_poly,sw,rtlsim,1,4,4,64,1,64,4096,219772,77592,-n32 -b4 -i1,AUTH AUTH_S2 AUTH_SG4 SYM_CHACHA SYM SYM_S2 SYM_SG4,archive-2026-08/ci3.log
chacha_poly,sw,rtlsim,1,4,4,64,1,64,8192,375842,139912,-n32 -b4 -i1,AUTH AUTH_S2 AUTH_SG4 SYM_CHACHA SYM SYM_S2 SYM_SG4,archive-2026-08/ci3.log
chacha_poly,sw,rtlsim,1,4,4,64,1,64,4096,209751,77592,-n32 -b4 -i1,AUTH AUTH_S2 AUTH_SG4 SYM_CHACHA SYM SYM_S2 SYM_SG4,archive-2026-08/ci3.log
chacha_poly,sw,rtlsim,1,4,4,64,1,64,8192,365909,139912,-n32 -b4 -i1,AUTH AUTH_S2 AUTH_SG4 SYM_CHACHA SYM SYM_S2 SYM_SG4,archive-2026-08/ci3.log
chacha_poly,sw,rtlsim,1,4,4,64,1,64,4096,219772,77592,-n32 -b4 -i1,AUTH AUTH_POLY AUTH_POLY_SG4 AUTH_S2 AUTH_SG4 SYM_CHACHA SYM_CHACHA_SG4 SYM SYM_S2 SYM_SG4,archive-2026-08/ci5.log
chacha_poly,sw,rtlsim,1,4,4,64,1,64,8192,375842,139912,-n32 -b4 -i1,AUTH AUTH_POLY AUTH_POLY_SG4 AUTH_S2 AUTH_SG4 SYM_CHACHA SYM_CHACHA_SG4 SYM SYM_S2 SYM_SG4,archive-2026-08/ci5.log
chacha_poly,sw,rtlsim,1,4,4,64,1,64,4096,209751,77592,-n32 -b4 -i1,AUTH AUTH_POLY AUTH_POLY_SG4 AUTH_S2 AUTH_SG4 SYM_CHACHA SYM_CHACHA_SG4 SYM SYM_S2 SYM_SG4,archive-2026-08/ci5.log
chacha_poly,sw,rtlsim,1,4,4,64,1,64,8192,365909,139912,-n32 -b4 -i1,AUTH AUTH_POLY AUTH_POLY_SG4 AUTH_S2 AUTH_SG4 SYM_CHACHA SYM_CHACHA_SG4 SYM SYM_S2 SYM_SG4,archive-2026-08/ci5.log
chacha_poly,sw,rtlsim,1,4,4,64,1,64,4096,219772,77592,-n32 -b4 -i1,AUTH AUTH_POLY AUTH_POLY_SG4 AUTH_S2 AUTH_SG4 SYM_CHACHA SYM_CHACHA_S2 SYM_CHACHA_SG4 SYM SYM_S2 SYM_SG4,archive-2026-08/ci6.log
chacha_poly,sw,rtlsim,1,4,4,64,1,64,8192,375842,139912,-n32 -b4 -i1,AUTH AUTH_POLY AUTH_POLY_SG4 AUTH_S2 AUTH_SG4 SYM_CHACHA SYM_CHACHA_S2 SYM_CHACHA_SG4 SYM SYM_S2 SYM_SG4,archive-2026-08/ci6.log
chacha_poly,sw,rtlsim,1,4,4,64,1,64,4096,209751,77592,-n32 -b4 -i1,AUTH AUTH_POLY AUTH_POLY_SG4 AUTH_S2 AUTH_SG4 SYM_CHACHA SYM_CHACHA_S2 SYM_CHACHA_SG4 SYM SYM_S2 SYM_SG4,archive-2026-08/ci6.log
chacha_poly,sw,rtlsim,1,4,4,64,1,64,8192,365909,139912,-n32 -b4 -i1,AUTH AUTH_POLY AUTH_POLY_SG4 AUTH_S2 AUTH_SG4 SYM_CHACHA SYM_CHACHA_S2 SYM_CHACHA_SG4 SYM SYM_S2 SYM_SG4,archive-2026-08/ci6.log
chacha_poly,sw,rtlsim,2,4,16,64,1,64,4096,194935,19964,-n64 -b1 -i0,AUTH AUTH_POLY SYM_CHACHA SYM,archive-2026-08/s1m_0_1.log
chacha_poly,sw,rtlsim,2,4,16,64,4,256,16384,360904,51128,-n64 -b4 -i0,AUTH SYM,archive-2026-08/cq_0_4.log
chacha_poly,sw,rtlsim,2,4,16,64,4,256,16384,360904,51128,-n64 -b4 -i0,AUTH AUTH_POLY SYM_CHACHA SYM,archive-2026-08/s1m_0_4.log
chacha_poly,sw,rtlsim,2,4,16,64,8,512,32768,526636,92680,-n64 -b8 -i0,AUTH SYM,archive-2026-08/cpr_0.log
chacha_poly,sw,rtlsim,2,4,16,64,16,1024,65536,890570,175784,-n64 -b16 -i0,AUTH AUTH_POLY SYM_CHACHA SYM,archive-2026-08/s1m_0_16.log
chacha_poly,sw,rtlsim,2,4,16,64,32,2048,131072,1697477,341992,-n64 -b32 -i0,AUTH SYM,archive-2026-08/cq_0_32.log
chacha_poly,sw,rtlsim,2,1,16,64,32,2048,131072,2362819,341544,-n64 -b32 -i0,AUTH SYM,archive-2026-08/cw_1.log
chacha_poly,sw,rtlsim,2,4,16,64,32,2048,131072,1697477,341992,-n64 -b32 -i0,AUTH AUTH_POLY SYM_CHACHA SYM,archive-2026-08/s1m_0_32.log
chacha_poly,sw,simx,2,4,16,128,4,512,32768,594290,101832,-n128 -b4 -i0,AUTH SYM,archive-2026-08/cp_0_4.log
chacha_poly,sw,simx,2,4,16,128,32,4096,262144,2647542,683560,-n128 -b32 -i0,AUTH SYM,archive-2026-08/cp_0_32.log
chacha_poly,xr,rtlsim,2,4,16,64,1,64,4096,170506,12312,-n64 -b1 -i5,AUTH AUTH_POLY SYM_CHACHA SYM,archive-2026-08/s1m_5_1.log
chacha_poly,xr,rtlsim,2,4,16,64,1,64,4096,177028,12312,-n64 -b1 -i5,AUTH SYM_CHACHA SYM,archive-2026-08/xm_5_1.log
chacha_poly,xr,rtlsim,1,4,4,64,4,256,20480,456463,173016,-n32 -b4 -i1,AUTH AUTH_S2 AUTH_SG4 SYM_CHACHA SYM SYM_S2 SYM_SG4,archive-2026-08/ci3.log
chacha_poly,xr,rtlsim,1,4,4,64,4,256,20480,463331,173016,-n32 -b4 -i1,AUTH AUTH_S2 AUTH_SG4 SYM_CHACHA SYM SYM_S2 SYM_SG4,archive-2026-08/ci3.log
chacha_poly,xr,rtlsim,1,4,4,64,4,256,20480,456463,173016,-n32 -b4 -i1,AUTH AUTH_POLY AUTH_POLY_SG4 AUTH_S2 AUTH_SG4 SYM_CHACHA SYM_CHACHA_SG4 SYM SYM_S2 SYM_SG4,archive-2026-08/ci5.log
chacha_poly,xr,rtlsim,1,4,4,64,4,256,20480,463331,173016,-n32 -b4 -i1,AUTH AUTH_POLY AUTH_POLY_SG4 AUTH_S2 AUTH_SG4 SYM_CHACHA SYM_CHACHA_SG4 SYM SYM_S2 SYM_SG4,archive-2026-08/ci5.log
chacha_poly,xr,rtlsim,1,4,4,64,4,256,20480,456463,173016,-n32 -b4 -i1,AUTH AUTH_POLY AUTH_POLY_SG4 AUTH_S2 AUTH_SG4 SYM_CHACHA SYM_CHACHA_S2 SYM_CHACHA_SG4 SYM SYM_S2 SYM_SG4,archive-2026-08/ci6.log
chacha_poly,xr,rtlsim,1,4,4,64,4,256,20480,463331,173016,-n32 -b4 -i1,AUTH AUTH_POLY AUTH_POLY_SG4 AUTH_S2 AUTH_SG4 SYM_CHACHA SYM_CHACHA_S2 SYM_CHACHA_SG4 SYM SYM_S2 SYM_SG4,archive-2026-08/ci6.log
chacha_poly,xr,rtlsim,2,4,16,64,4,256,16384,321653,32076,-n64 -b4 -i5,AUTH AUTH_POLY SYM_CHACHA SYM,archive-2026-08/s1m_5_4.log
chacha_poly,xr,rtlsim,2,4,16,64,4,256,16384,325132,32076,-n64 -b4 -i5,AUTH SYM_CHACHA SYM,archive-2026-08/xm_5_4.log
chacha_poly,xr,rtlsim,2,4,16,64,4,256,20480,433127,43820,-n64 -b4 -t37 -a20 -i5,AUTH SYM_CHACHA SYM,archive-2026-08/xp.log
chacha_poly,xr,rtlsim,2,4,16,64,16,1024,65536,881556,111132,-n64 -b16 -i5,AUTH AUTH_POLY SYM_CHACHA SYM,archive-2026-08/s1m_5_16.log
chacha_poly,xr,rtlsim,2,4,16,64,16,1024,65536,863714,111132,-n64 -b16 -i5,AUTH SYM_CHACHA SYM,archive-2026-08/xm_5_16.log
chacha_poly,xr,rtlsim,2,4,16,64,32,2048,131072,1648878,216540,-n64 -b32 -i5,AUTH AUTH_POLY SYM_CHACHA SYM,archive-2026-08/pf_5.log
chacha_poly,xr,rtlsim,2,4,16,64,32,2048,131072,1642561,216540,-n64 -b32 -i5,AUTH SYM_CHACHA SYM,archive-2026-08/xm_5_32.log
chacha_poly,xr,simx,2,4,16,64,4,256,20480,428690,43820,-n64 -b4 -t37 -a20 -i5,AUTH SYM_CHACHA SYM,archive-2026-08/xr2.log
chacha_poly,s1,rtlsim,2,4,16,64,1,64,4096,99385,9368,-b1 -i7 -n64,AUTH AUTH_POLY AUTH_POLY_SG4 SYM SYM_CHACHA SYM_CHACHA_SG4,measure/logs/chacha_poly-rtlsim-_b1_i7_n64-20260821-131248.log
chacha_poly,s1,rtlsim,2,4,16,64,16,1024,65536,513086,81848,-b16 -i7 -n64,AUTH AUTH_POLY AUTH_POLY_SG4 SYM SYM_CHACHA SYM_CHACHA_SG4,measure/logs/chacha_poly-rtlsim-_b16_i7_n64-20260821-131314.log
chacha_poly,s1,rtlsim,2,4,16,64,32,2048,131072,994892,159160,-b32 -i7 -n64,AUTH AUTH_POLY AUTH_POLY_SG4 SYM SYM_CHACHA SYM_CHACHA_SG4,measure/logs/chacha_poly-rtlsim-_b32_i7_n64-20260821-131324.log
chacha_poly,s1,rtlsim,2,4,16,64,4,256,16384,193944,23864,-b4 -i7 -n64,AUTH AUTH_POLY AUTH_POLY_SG4 SYM SYM_CHACHA SYM_CHACHA_SG4,measure/logs/chacha_poly-rtlsim-_b4_i7_n64-20260821-131345.log
chacha_poly,s3,rtlsim,2,4,16,64,1,64,4096,272804,28976,-b1 -i8 -n64,AUTH AUTH_POLY AUTH_POLY_SG4 SYM SYM_CHACHA SYM_CHACHA_SG4,measure/logs/chacha_poly-rtlsim-_b1_i8_n64-20260821-131349.log
chacha_poly,s3,rtlsim,2,4,16,64,16,1024,65536,837214,134576,-b16 -i8 -n64,AUTH AUTH_POLY AUTH_POLY_SG4 SYM SYM_CHACHA SYM_CHACHA_SG4,measure/logs/chacha_poly-rtlsim-_b16_i8_n64-20260821-131355.log
chacha_poly,s3,rtlsim,2,4,16,64,32,2048,131072,1333928,247216,-b32 -i8 -n64,AUTH AUTH_POLY AUTH_POLY_SG4 SYM SYM_CHACHA SYM_CHACHA_SG4,measure/logs/chacha_poly-rtlsim-_b32_i8_n64-20260821-131413.log
chacha_poly,s3,rtlsim,2,4,16,64,4,256,16384,385478,50096,-b4 -i8 -n64,AUTH AUTH_POLY AUTH_POLY_SG4 SYM SYM_CHACHA SYM_CHACHA_SG4,measure/logs/chacha_poly-rtlsim-_b4_i8_n64-20260821-131442.log
chacha_poly,s3f,rtlsim,2,4,16,64,1,64,4096,226574,27328,-b1 -i9 -n64,AUTH AUTH_POLY AUTH_POLY_SG4 SYM SYM_CHACHA SYM_CHACHA_SG4,measure/logs/chacha_poly-rtlsim-_b1_i9_n64-20260821-131450.log
chacha_poly,s3f,rtlsim,2,4,16,64,16,1024,65536,679268,114208,-b16 -i9 -n64,AUTH AUTH_POLY AUTH_POLY_SG4 SYM SYM_CHACHA SYM_CHACHA_SG4,measure/logs/chacha_poly-rtlsim-_b16_i9_n64-20260821-131456.log
chacha_poly,s3f,rtlsim,2,4,16,64,32,2048,131072,1055634,206880,-b32 -i9 -n64,AUTH AUTH_POLY AUTH_POLY_SG4 SYM SYM_CHACHA SYM_CHACHA_SG4,measure/logs/chacha_poly-rtlsim-_b32_i9_n64-20260821-131510.log
chacha_poly,s3f,rtlsim,2,4,16,64,4,256,16384,318337,44704,-b4 -i9 -n64,AUTH AUTH_POLY AUTH_POLY_SG4 SYM SYM_CHACHA SYM_CHACHA_SG4,measure/logs/chacha_poly-rtlsim-_b4_i9_n64-20260821-131534.log
chacha_poly,s1,rtlsim,2,4,16,64,1,64,4096,97328,9368,-b1 -i7 -n64,AUTH AUTH_POLY SYM SYM_CHACHA SYM_CHACHA_S2,measure/logs/chacha_poly-rtlsim-_b1_i7_n64-20260821-131541.log
chacha_poly,s1,rtlsim,2,4,16,64,16,1024,65536,515881,81848,-b16 -i7 -n64,AUTH AUTH_POLY SYM SYM_CHACHA SYM_CHACHA_S2,measure/logs/chacha_poly-rtlsim-_b16_i7_n64-20260821-131638.log
chacha_poly,s1,rtlsim,2,4,16,64,32,2048,131072,981517,159160,-b32 -i7 -n64,AUTH AUTH_POLY SYM SYM_CHACHA SYM_CHACHA_S2,measure/logs/chacha_poly-rtlsim-_b32_i7_n64-20260821-131649.log
chacha_poly,s1,rtlsim,2,4,16,64,4,256,16384,196482,23864,-b4 -i7 -n64,AUTH AUTH_POLY SYM SYM_CHACHA SYM_CHACHA_S2,measure/logs/chacha_poly-rtlsim-_b4_i7_n64-20260821-131709.log
chacha_poly,s2,rtlsim,2,4,16,64,1,64,4096,69340,3872,-b1 -i10 -n64,AUTH AUTH_POLY SYM SYM_CHACHA SYM_CHACHA_S2,measure/logs/chacha_poly-rtlsim-_b1_i10_n64-20260821-131714.log
chacha_poly,s2,rtlsim,2,4,16,64,16,1024,65536,156801,31592,-b16 -i10 -n64,AUTH AUTH_POLY SYM SYM_CHACHA SYM_CHACHA_S2,measure/logs/chacha_poly-rtlsim-_b16_i10_n64-20260821-131715.log
chacha_poly,s2,rtlsim,2,4,16,64,32,2048,131072,282022,61160,-b32 -i10 -n64,AUTH AUTH_POLY SYM SYM_CHACHA SYM_CHACHA_S2,measure/logs/chacha_poly-rtlsim-_b32_i10_n64-20260821-131719.log
chacha_poly,s2,rtlsim,2,4,16,64,4,256,16384,88968,9416,-b4 -i10 -n64,AUTH AUTH_POLY SYM SYM_CHACHA SYM_CHACHA_S2,measure/logs/chacha_poly-rtlsim-_b4_i10_n64-20260821-131725.log
chacha_poly,mac,rtlsim,2,4,16,64,1,64,4096,119817,17044,-b1 -i6 -n64,AUTH AUTH_POLY SYM SYM_CHACHA,measure/logs/chacha_poly-rtlsim-_b1_i6_n64-20260821-131727.log
chacha_poly,mac,rtlsim,2,4,16,64,16,1024,65536,593314,147124,-b16 -i6 -n64,AUTH AUTH_POLY SYM SYM_CHACHA,measure/logs/chacha_poly-rtlsim-_b16_i6_n64-20260821-131806.log
chacha_poly,mac,rtlsim,2,4,16,64,32,2048,131072,1057384,285876,-b32 -i6 -n64,AUTH AUTH_POLY SYM SYM_CHACHA,measure/logs/chacha_poly-rtlsim-_b32_i6_n64-20260821-131818.log
chacha_poly,mac,rtlsim,2,4,16,64,4,256,16384,235342,43060,-b4 -i6 -n64,AUTH AUTH_POLY SYM SYM_CHACHA,measure/logs/chacha_poly-rtlsim-_b4_i6_n64-20260821-131840.log
chacha_poly,rori,rtlsim,2,4,16,64,1,64,4096,185286,14876,-b1 -i1 -n64,AUTH AUTH_POLY SYM SYM_CHACHA,measure/logs/chacha_poly-rtlsim-_b1_i1_n64-20260821-131845.log
chacha_poly,rori,rtlsim,2,4,16,64,16,1024,65536,962885,132956,-b16 -i1 -n64,AUTH AUTH_POLY SYM SYM_CHACHA,measure/logs/chacha_poly-rtlsim-_b16_i1_n64-20260821-131849.log
chacha_poly,rori,rtlsim,2,4,16,64,32,2048,131072,1751046,258908,-b32 -i1 -n64,AUTH AUTH_POLY SYM SYM_CHACHA,measure/logs/chacha_poly-rtlsim-_b32_i1_n64-20260821-131909.log
chacha_poly,rori,rtlsim,2,4,16,64,4,256,16384,339074,38492,-b4 -i1 -n64,AUTH AUTH_POLY SYM SYM_CHACHA,measure/logs/chacha_poly-rtlsim-_b4_i1_n64-20260821-131945.log
chacha_poly,s1,rtlsim,2,4,16,64,1,64,4096,97328,9368,-b1 -i7 -n64,AUTH AUTH_POLY SYM SYM_CHACHA,measure/logs/chacha_poly-rtlsim-_b1_i7_n64-20260821-131952.log
chacha_poly,s1,rtlsim,2,4,16,64,16,1024,65536,515881,81848,-b16 -i7 -n64,AUTH AUTH_POLY SYM SYM_CHACHA,measure/logs/chacha_poly-rtlsim-_b16_i7_n64-20260821-131955.log
chacha_poly,s1,rtlsim,2,4,16,64,32,2048,131072,981517,159160,-b32 -i7 -n64,AUTH AUTH_POLY SYM SYM_CHACHA,measure/logs/chacha_poly-rtlsim-_b32_i7_n64-20260821-132005.log
chacha_poly,s1,rtlsim,2,4,16,64,4,256,16384,196482,23864,-b4 -i7 -n64,AUTH AUTH_POLY SYM SYM_CHACHA,measure/logs/chacha_poly-rtlsim-_b4_i7_n64-20260821-132026.log
chacha_poly,s3,rtlsim,2,4,16,64,1,64,4096,264969,28976,-b1 -i8 -n64,AUTH AUTH_POLY SYM SYM_CHACHA,measure/logs/chacha_poly-rtlsim-_b1_i8_n64-20260821-132030.log
chacha_poly,s3,rtlsim,2,4,16,64,16,1024,65536,831213,134576,-b16 -i8 -n64,AUTH AUTH_POLY SYM SYM_CHACHA,measure/logs/chacha_poly-rtlsim-_b16_i8_n64-20260821-132036.log
chacha_poly,s3,rtlsim,2,4,16,64,32,2048,131072,1330621,247216,-b32 -i8 -n64,AUTH AUTH_POLY SYM SYM_CHACHA,measure/logs/chacha_poly-rtlsim-_b32_i8_n64-20260821-132054.log
chacha_poly,s3,rtlsim,2,4,16,64,4,256,16384,377755,50096,-b4 -i8 -n64,AUTH AUTH_POLY SYM SYM_CHACHA,measure/logs/chacha_poly-rtlsim-_b4_i8_n64-20260821-132123.log
chacha_poly,sw,rtlsim,2,4,16,64,1,64,4096,194935,19964,-b1 -i0 -n64,AUTH AUTH_POLY SYM SYM_CHACHA,measure/logs/chacha_poly-rtlsim-_b1_i0_n64-20260821-132131.log
chacha_poly,sw,rtlsim,2,4,16,64,16,1024,65536,890570,175784,-b16 -i0 -n64,AUTH AUTH_POLY SYM SYM_CHACHA,measure/logs/chacha_poly-rtlsim-_b16_i0_n64-20260821-132135.log
chacha_poly,sw,rtlsim,2,4,16,64,32,2048,131072,1697477,341992,-b32 -i0 -n64,AUTH AUTH_POLY SYM SYM_CHACHA,measure/logs/chacha_poly-rtlsim-_b32_i0_n64-20260821-132154.log
chacha_poly,sw,rtlsim,2,4,16,64,4,256,16384,360904,51128,-b4 -i0 -n64,AUTH AUTH_POLY SYM SYM_CHACHA,measure/logs/chacha_poly-rtlsim-_b4_i0_n64-20260821-132228.log
chacha_poly,xr,rtlsim,2,4,16,64,1,64,4096,177088,12312,-b1 -i5 -n64,AUTH AUTH_POLY SYM SYM_CHACHA,measure/logs/chacha_poly-rtlsim-_b1_i5_n64-20260821-132236.log
chacha_poly,xr,rtlsim,2,4,16,64,16,1024,65536,882340,111132,-b16 -i5 -n64,AUTH AUTH_POLY SYM SYM_CHACHA,measure/logs/chacha_poly-rtlsim-_b16_i5_n64-20260821-132240.log
chacha_poly,xr,rtlsim,2,4,16,64,32,2048,131072,1663216,216540,-b32 -i5 -n64,AUTH AUTH_POLY SYM SYM_CHACHA,measure/logs/chacha_poly-rtlsim-_b32_i5_n64-20260821-132258.log
chacha_poly,xr,rtlsim,2,4,16,64,4,256,16384,327812,32076,-b4 -i5 -n64,AUTH AUTH_POLY SYM SYM_CHACHA,measure/logs/chacha_poly-rtlsim-_b4_i5_n64-20260821-132332.log
aes_gcm,hw_s1,rtlsim,2,4,16,128,64,8192,131072,580088,212170,-b64 -i1 -n128,AUTH AUTH_S2 AUTH_SG4 SYM SYM_S2 SYM_SG4,measure/logs/aes_gcm-rtlsim-_b64_i1_n128-20260821-132339.log
aes_gcm,hw_s1,rtlsim,2,4,16,128,8,1024,16384,149432,31178,-b8 -i1 -n128,AUTH AUTH_S2 AUTH_SG4 SYM SYM_S2 SYM_SG4,measure/logs/aes_gcm-rtlsim-_b8_i1_n128-20260821-132442.log
aes_gcm,hw_s2,rtlsim,2,4,16,128,64,8192,131072,281220,37008,-b64 -i10 -n128,AUTH AUTH_S2 AUTH_SG4 SYM SYM_S2 SYM_SG4,measure/logs/aes_gcm-rtlsim-_b64_i10_n128-20260821-132448.log
aes_gcm,hw_s2,rtlsim,2,4,16,128,8,1024,16384,79211,6992,-b8 -i10 -n128,AUTH AUTH_S2 AUTH_SG4 SYM SYM_S2 SYM_SG4,measure/logs/aes_gcm-rtlsim-_b8_i10_n128-20260821-132459.log
aes_gcm,hw_s2_ilv,rtlsim,2,4,16,128,64,8192,131072,330565,37136,-b64 -i11 -n128,AUTH AUTH_S2 AUTH_SG4 SYM SYM_S2 SYM_SG4,measure/logs/aes_gcm-rtlsim-_b64_i11_n128-20260821-132502.log
aes_gcm,hw_s2_ilv,rtlsim,2,4,16,128,8,1024,16384,101611,7120,-b8 -i11 -n128,AUTH AUTH_S2 AUTH_SG4 SYM SYM_S2 SYM_SG4,measure/logs/aes_gcm-rtlsim-_b8_i11_n128-20260821-132514.log
aes_gcm,hw_s3g,rtlsim,2,4,16,128,64,8192,131072,177561,96642,-b64 -i8 -n128,AUTH AUTH_S2 AUTH_SG4 SYM SYM_S2 SYM_SG4,measure/logs/aes_gcm-rtlsim-_b64_i8_n128-20260821-132518.log
aes_gcm,hw_s3g,rtlsim,2,4,16,128,8,1024,16384,70902,16002,-b8 -i8 -n128,AUTH AUTH_S2 AUTH_SG4 SYM SYM_S2 SYM_SG4,measure/logs/aes_gcm-rtlsim-_b8_i8_n128-20260821-132525.log
aes_gcm,sw_ttable,rtlsim,2,4,16,128,64,8192,131072,9396016,2474230,-b64 -i0 -n128,AUTH AUTH_S2 AUTH_SG4 SYM SYM_S2 SYM_SG4,measure/logs/aes_gcm-rtlsim-_b64_i0_n128-20260821-132528.log
aes_gcm,sw_ttable,rtlsim,2,4,16,128,8,1024,16384,1417601,344886,-b8 -i0 -n128,AUTH AUTH_S2 AUTH_SG4 SYM SYM_S2 SYM_SG4,measure/logs/aes_gcm-rtlsim-_b8_i0_n128-20260821-133001.log
chacha_poly,s3,rtlsim,2,4,16,64,2,128,8192,309932,36016,-b2 -i8 -n64,AUTH AUTH_POLY AUTH_POLY_SG4 SYM SYM_CHACHA SYM_CHACHA_SG4,measure/logs/chacha_poly-rtlsim-_b2_i8_n64-20260821-140017.log
chacha_poly,s3,rtlsim,2,4,16,64,3,192,12288,346510,43056,-b3 -i8 -n64,AUTH AUTH_POLY AUTH_POLY_SG4 SYM SYM_CHACHA SYM_CHACHA_SG4,measure/logs/chacha_poly-rtlsim-_b3_i8_n64-20260821-140048.log
chacha_poly,s3f,rtlsim,2,4,16,64,2,128,8192,256400,33120,-b2 -i9 -n64,AUTH AUTH_POLY AUTH_POLY_SG4 SYM SYM_CHACHA SYM_CHACHA_SG4,measure/logs/chacha_poly-rtlsim-_b2_i9_n64-20260821-140055.log
chacha_poly,s3f,rtlsim,2,4,16,64,3,192,12288,284963,38912,-b3 -i9 -n64,AUTH AUTH_POLY AUTH_POLY_SG4 SYM SYM_CHACHA SYM_CHACHA_SG4,measure/logs/chacha_poly-rtlsim-_b3_i9_n64-20260821-140101.log
chacha_poly,s2,rtlsim,2,4,16,64,2,128,8192,75331,5720,-b2 -i10 -n64,AUTH AUTH_POLY SYM SYM_CHACHA SYM_CHACHA_S2,measure/logs/chacha_poly-rtlsim-_b2_i10_n64-20260821-140107.log
chacha_poly,s2,rtlsim,2,4,16,64,3,192,12288,78374,7568,-b3 -i10 -n64,AUTH AUTH_POLY SYM SYM_CHACHA SYM_CHACHA_S2,measure/logs/chacha_poly-rtlsim-_b3_i10_n64-20260821-140122.log
chacha_poly,mac,rtlsim,2,4,16,64,2,128,8192,162715,25716,-b2 -i6 -n64,AUTH AUTH_POLY SYM SYM_CHACHA,measure/logs/chacha_poly-rtlsim-_b2_i6_n64-20260821-140124.log
chacha_poly,mac,rtlsim,2,4,16,64,3,192,12288,202770,34388,-b3 -i6 -n64,AUTH AUTH_POLY SYM SYM_CHACHA,measure/logs/chacha_poly-rtlsim-_b3_i6_n64-20260821-140140.log
chacha_poly,rori,rtlsim,2,4,16,64,2,128,8192,236481,22748,-b2 -i1 -n64,AUTH AUTH_POLY SYM SYM_CHACHA,measure/logs/chacha_poly-rtlsim-_b2_i1_n64-20260821-140145.log
chacha_poly,rori,rtlsim,2,4,16,64,3,192,12288,284293,30620,-b3 -i1 -n64,AUTH AUTH_POLY SYM SYM_CHACHA,measure/logs/chacha_poly-rtlsim-_b3_i1_n64-20260821-140150.log
chacha_poly,s1,rtlsim,2,4,16,64,2,128,8192,129657,14200,-b2 -i7 -n64,AUTH AUTH_POLY SYM SYM_CHACHA,measure/logs/chacha_poly-rtlsim-_b2_i7_n64-20260821-140156.log
chacha_poly,s1,rtlsim,2,4,16,64,3,192,12288,158070,19032,-b3 -i7 -n64,AUTH AUTH_POLY SYM SYM_CHACHA,measure/logs/chacha_poly-rtlsim-_b3_i7_n64-20260821-140159.log
chacha_poly,sw,rtlsim,2,4,16,64,2,128,8192,248567,30352,-b2 -i0 -n64,AUTH AUTH_POLY SYM SYM_CHACHA,measure/logs/chacha_poly-rtlsim-_b2_i0_n64-20260821-140202.log
chacha_poly,sw,rtlsim,2,4,16,64,3,192,12288,298162,40740,-b3 -i0 -n64,AUTH AUTH_POLY SYM SYM_CHACHA,measure/logs/chacha_poly-rtlsim-_b3_i0_n64-20260821-140207.log
chacha_poly,xr,rtlsim,2,4,16,64,2,128,8192,227006,18900,-b2 -i5 -n64,AUTH AUTH_POLY SYM SYM_CHACHA,measure/logs/chacha_poly-rtlsim-_b2_i5_n64-20260821-140214.log
chacha_poly,xr,rtlsim,2,4,16,64,3,192,12288,271438,25488,-b3 -i5 -n64,AUTH AUTH_POLY SYM SYM_CHACHA,measure/logs/chacha_poly-rtlsim-_b3_i5_n64-20260821-140218.log
chacha_poly,s1,rtlsim,2,4,16,64,2,128,8192,133142,14200,-b2 -i7 -n64,AUTH AUTH_POLY AUTH_POLY_SG4 SYM SYM_CHACHA SYM_CHACHA_SG4,measure/logs/chacha_poly-rtlsim-_b2_i7_n64-20260821-140416.log
chacha_poly,s1,rtlsim,2,4,16,64,3,192,12288,158120,19032,-b3 -i7 -n64,AUTH AUTH_POLY AUTH_POLY_SG4 SYM SYM_CHACHA SYM_CHACHA_SG4,measure/logs/chacha_poly-rtlsim-_b3_i7_n64-20260821-140432.log
chacha_poly,s1,rtlsim,2,4,16,64,2,128,8192,129657,14200,-b2 -i7 -n64,AUTH AUTH_POLY SYM SYM_CHACHA SYM_CHACHA_S2,measure/logs/chacha_poly-rtlsim-_b2_i7_n64-20260821-140436.log
chacha_poly,s1,rtlsim,2,4,16,64,3,192,12288,158070,19032,-b3 -i7 -n64,AUTH AUTH_POLY SYM SYM_CHACHA SYM_CHACHA_S2,measure/logs/chacha_poly-rtlsim-_b3_i7_n64-20260821-140452.log
chacha_poly,mac,rtlsim,2,4,16,64,1,64,4096,119817,17044,-b1 -i6 -n64,AUTH AUTH_POLY AUTH_POLY_SG4 SYM SYM_CHACHA SYM_CHACHA_S2 SYM_CHACHA_SG4,probe/logs/chacha_poly-rtlsim-_b1_i6_n64-20260821-153523.log
chacha_poly,mac,rtlsim,2,4,16,64,16,1024,65536,593314,147124,-b16 -i6 -n64,AUTH AUTH_POLY AUTH_POLY_SG4 SYM SYM_CHACHA SYM_CHACHA_S2 SYM_CHACHA_SG4,probe/logs/chacha_poly-rtlsim-_b16_i6_n64-20260821-153541.log
chacha_poly,mac,rtlsim,2,4,16,64,32,2048,131072,1057384,285876,-b32 -i6 -n64,AUTH AUTH_POLY AUTH_POLY_SG4 SYM SYM_CHACHA SYM_CHACHA_S2 SYM_CHACHA_SG4,probe/logs/chacha_poly-rtlsim-_b32_i6_n64-20260821-153553.log
chacha_poly,mac,rtlsim,2,4,16,64,4,256,16384,235342,43060,-b4 -i6 -n64,AUTH AUTH_POLY AUTH_POLY_SG4 SYM SYM_CHACHA SYM_CHACHA_S2 SYM_CHACHA_SG4,probe/logs/chacha_poly-rtlsim-_b4_i6_n64-20260821-153615.log
chacha_poly,rori,rtlsim,2,4,16,64,1,64,4096,185286,14876,-b1 -i1 -n64,AUTH AUTH_POLY AUTH_POLY_SG4 SYM SYM_CHACHA SYM_CHACHA_S2 SYM_CHACHA_SG4,probe/logs/chacha_poly-rtlsim-_b1_i1_n64-20260821-153620.log
chacha_poly,rori,rtlsim,2,4,16,64,16,1024,65536,962885,132956,-b16 -i1 -n64,AUTH AUTH_POLY AUTH_POLY_SG4 SYM SYM_CHACHA SYM_CHACHA_S2 SYM_CHACHA_SG4,probe/logs/chacha_poly-rtlsim-_b16_i1_n64-20260821-153625.log
chacha_poly,rori,rtlsim,2,4,16,64,32,2048,131072,1751046,258908,-b32 -i1 -n64,AUTH AUTH_POLY AUTH_POLY_SG4 SYM SYM_CHACHA SYM_CHACHA_S2 SYM_CHACHA_SG4,probe/logs/chacha_poly-rtlsim-_b32_i1_n64-20260821-153645.log
chacha_poly,rori,rtlsim,2,4,16,64,4,256,16384,339074,38492,-b4 -i1 -n64,AUTH AUTH_POLY AUTH_POLY_SG4 SYM SYM_CHACHA SYM_CHACHA_S2 SYM_CHACHA_SG4,probe/logs/chacha_poly-rtlsim-_b4_i1_n64-20260821-153721.log
chacha_poly,s1,rtlsim,2,4,16,64,1,64,4096,99385,9368,-b1 -i7 -n64,AUTH AUTH_POLY AUTH_POLY_SG4 SYM SYM_CHACHA SYM_CHACHA_S2 SYM_CHACHA_SG4,probe/logs/chacha_poly-rtlsim-_b1_i7_n64-20260821-153729.log
chacha_poly,s1,rtlsim,2,4,16,64,16,1024,65536,513086,81848,-b16 -i7 -n64,AUTH AUTH_POLY AUTH_POLY_SG4 SYM SYM_CHACHA SYM_CHACHA_S2 SYM_CHACHA_SG4,probe/logs/chacha_poly-rtlsim-_b16_i7_n64-20260821-153731.log
chacha_poly,s1,rtlsim,2,4,16,64,32,2048,131072,994892,159160,-b32 -i7 -n64,AUTH AUTH_POLY AUTH_POLY_SG4 SYM SYM_CHACHA SYM_CHACHA_S2 SYM_CHACHA_SG4,probe/logs/chacha_poly-rtlsim-_b32_i7_n64-20260821-153742.log
chacha_poly,s1,rtlsim,2,4,16,64,4,256,16384,193944,23864,-b4 -i7 -n64,AUTH AUTH_POLY AUTH_POLY_SG4 SYM SYM_CHACHA SYM_CHACHA_S2 SYM_CHACHA_SG4,probe/logs/chacha_poly-rtlsim-_b4_i7_n64-20260821-153803.log
chacha_poly,s2,rtlsim,2,4,16,64,1,64,4096,69654,3872,-b1 -i10 -n64,AUTH AUTH_POLY AUTH_POLY_SG4 SYM SYM_CHACHA SYM_CHACHA_S2 SYM_CHACHA_SG4,probe/logs/chacha_poly-rtlsim-_b1_i10_n64-20260821-153807.log
chacha_poly,s2,rtlsim,2,4,16,64,16,1024,65536,156929,31592,-b16 -i10 -n64,AUTH AUTH_POLY AUTH_POLY_SG4 SYM SYM_CHACHA SYM_CHACHA_S2 SYM_CHACHA_SG4,probe/logs/chacha_poly-rtlsim-_b16_i10_n64-20260821-153809.log
chacha_poly,s2,rtlsim,2,4,16,64,32,2048,131072,281545,61160,-b32 -i10 -n64,AUTH AUTH_POLY AUTH_POLY_SG4 SYM SYM_CHACHA SYM_CHACHA_S2 SYM_CHACHA_SG4,probe/logs/chacha_poly-rtlsim-_b32_i10_n64-20260821-153812.log
chacha_poly,s2,rtlsim,2,4,16,64,4,256,16384,86550,9416,-b4 -i10 -n64,AUTH AUTH_POLY AUTH_POLY_SG4 SYM SYM_CHACHA SYM_CHACHA_S2 SYM_CHACHA_SG4,probe/logs/chacha_poly-rtlsim-_b4_i10_n64-20260821-153819.log
chacha_poly,s3,rtlsim,2,4,16,64,1,64,4096,264967,28976,-b1 -i8 -n64,AUTH AUTH_POLY AUTH_POLY_SG4 SYM SYM_CHACHA SYM_CHACHA_S2 SYM_CHACHA_SG4,probe/logs/chacha_poly-rtlsim-_b1_i8_n64-20260821-153821.log
chacha_poly,s3,rtlsim,2,4,16,64,16,1024,65536,831211,134576,-b16 -i8 -n64,AUTH AUTH_POLY AUTH_POLY_SG4 SYM SYM_CHACHA SYM_CHACHA_S2 SYM_CHACHA_SG4,probe/logs/chacha_poly-rtlsim-_b16_i8_n64-20260821-153827.log
chacha_poly,s3,rtlsim,2,4,16,64,32,2048,131072,1330619,247216,-b32 -i8 -n64,AUTH AUTH_POLY AUTH_POLY_SG4 SYM SYM_CHACHA SYM_CHACHA_S2 SYM_CHACHA_SG4,probe/logs/chacha_poly-rtlsim-_b32_i8_n64-20260821-153845.log
chacha_poly,s3,rtlsim,2,4,16,64,4,256,16384,377753,50096,-b4 -i8 -n64,AUTH AUTH_POLY AUTH_POLY_SG4 SYM SYM_CHACHA SYM_CHACHA_S2 SYM_CHACHA_SG4,probe/logs/chacha_poly-rtlsim-_b4_i8_n64-20260821-153914.log
chacha_poly,s3f,rtlsim,2,4,16,64,1,64,4096,228151,27328,-b1 -i9 -n64,AUTH AUTH_POLY AUTH_POLY_SG4 SYM SYM_CHACHA SYM_CHACHA_S2 SYM_CHACHA_SG4,probe/logs/chacha_poly-rtlsim-_b1_i9_n64-20260821-153922.log
chacha_poly,s3f,rtlsim,2,4,16,64,16,1024,65536,681552,114208,-b16 -i9 -n64,AUTH AUTH_POLY AUTH_POLY_SG4 SYM SYM_CHACHA SYM_CHACHA_S2 SYM_CHACHA_SG4,probe/logs/chacha_poly-rtlsim-_b16_i9_n64-20260821-153927.log
chacha_poly,s3f,rtlsim,2,4,16,64,32,2048,131072,1058934,206880,-b32 -i9 -n64,AUTH AUTH_POLY AUTH_POLY_SG4 SYM SYM_CHACHA SYM_CHACHA_S2 SYM_CHACHA_SG4,probe/logs/chacha_poly-rtlsim-_b32_i9_n64-20260821-153943.log
chacha_poly,s3f,rtlsim,2,4,16,64,4,256,16384,317641,44704,-b4 -i9 -n64,AUTH AUTH_POLY AUTH_POLY_SG4 SYM SYM_CHACHA SYM_CHACHA_S2 SYM_CHACHA_SG4,probe/logs/chacha_poly-rtlsim-_b4_i9_n64-20260821-154006.log
chacha_poly,sw,rtlsim,2,4,16,64,1,64,4096,194935,19964,-b1 -i0 -n64,AUTH AUTH_POLY AUTH_POLY_SG4 SYM SYM_CHACHA SYM_CHACHA_S2 SYM_CHACHA_SG4,probe/logs/chacha_poly-rtlsim-_b1_i0_n64-20260821-154013.log
chacha_poly,sw,rtlsim,2,4,16,64,16,1024,65536,890570,175784,-b16 -i0 -n64,AUTH AUTH_POLY AUTH_POLY_SG4 SYM SYM_CHACHA SYM_CHACHA_S2 SYM_CHACHA_SG4,probe/logs/chacha_poly-rtlsim-_b16_i0_n64-20260821-154018.log
chacha_poly,sw,rtlsim,2,4,16,64,32,2048,131072,1697477,341992,-b32 -i0 -n64,AUTH AUTH_POLY AUTH_POLY_SG4 SYM SYM_CHACHA SYM_CHACHA_S2 SYM_CHACHA_SG4,probe/logs/chacha_poly-rtlsim-_b32_i0_n64-20260821-154036.log
chacha_poly,sw,rtlsim,2,4,16,64,4,256,16384,360904,51128,-b4 -i0 -n64,AUTH AUTH_POLY AUTH_POLY_SG4 SYM SYM_CHACHA SYM_CHACHA_S2 SYM_CHACHA_SG4,probe/logs/chacha_poly-rtlsim-_b4_i0_n64-20260821-154111.log
chacha_poly,xr,rtlsim,2,4,16,64,1,64,4096,178774,12312,-b1 -i5 -n64,AUTH AUTH_POLY AUTH_POLY_SG4 SYM SYM_CHACHA SYM_CHACHA_S2 SYM_CHACHA_SG4,probe/logs/chacha_poly-rtlsim-_b1_i5_n64-20260821-154119.log
chacha_poly,xr,rtlsim,2,4,16,64,16,1024,65536,868275,111132,-b16 -i5 -n64,AUTH AUTH_POLY AUTH_POLY_SG4 SYM SYM_CHACHA SYM_CHACHA_S2 SYM_CHACHA_SG4,probe/logs/chacha_poly-rtlsim-_b16_i5_n64-20260821-154123.log
chacha_poly,xr,rtlsim,2,4,16,64,32,2048,131072,1650627,216540,-b32 -i5 -n64,AUTH AUTH_POLY AUTH_POLY_SG4 SYM SYM_CHACHA SYM_CHACHA_S2 SYM_CHACHA_SG4,probe/logs/chacha_poly-rtlsim-_b32_i5_n64-20260821-154141.log
chacha_poly,xr,rtlsim,2,4,16,64,4,256,16384,328003,32076,-b4 -i5 -n64,AUTH AUTH_POLY AUTH_POLY_SG4 SYM SYM_CHACHA SYM_CHACHA_S2 SYM_CHACHA_SG4,probe/logs/chacha_poly-rtlsim-_b4_i5_n64-20260821-154216.log
aes_gcm,hw_s1,rtlsim,2,4,16,128,2,256,4096,102775,11786,-b2 -i1 -n128,AUTH AUTH_S2 AUTH_SG4 SYM SYM_S2 SYM_SG4,paper/logs/aes_gcm-rtlsim-_b2_i1_n128-20260821-151915.log
aes_gcm,hw_s1,rtlsim,2,4,16,128,32,4096,65536,326994,108746,-b32 -i1 -n128,AUTH AUTH_S2 AUTH_SG4 SYM SYM_S2 SYM_SG4,paper/logs/aes_gcm-rtlsim-_b32_i1_n128-20260821-151932.log
aes_gcm,hw_s2,rtlsim,2,4,16,128,2,256,4096,67265,3776,-b2 -i10 -n128,AUTH AUTH_S2 AUTH_SG4 SYM SYM_S2 SYM_SG4,paper/logs/aes_gcm-rtlsim-_b2_i10_n128-20260821-152012.log
aes_gcm,hw_s2,rtlsim,2,4,16,128,32,4096,65536,167648,19856,-b32 -i10 -n128,AUTH AUTH_S2 AUTH_SG4 SYM SYM_S2 SYM_SG4,paper/logs/aes_gcm-rtlsim-_b32_i10_n128-20260821-152014.log
aes_gcm,hw_s3g,rtlsim,2,4,16,128,2,256,4096,62433,7362,-b2 -i8 -n128,AUTH AUTH_S2 AUTH_SG4 SYM SYM_S2 SYM_SG4,paper/logs/aes_gcm-rtlsim-_b2_i8_n128-20260821-152035.log
aes_gcm,hw_s3g,rtlsim,2,4,16,128,32,4096,65536,116519,50562,-b32 -i8 -n128,AUTH AUTH_S2 AUTH_SG4 SYM SYM_S2 SYM_SG4,paper/logs/aes_gcm-rtlsim-_b32_i8_n128-20260821-152037.log
aes_gcm,sw_ttable,rtlsim,2,4,16,128,2,256,4096,564590,116742,-b2 -i0 -n128,AUTH AUTH_S2 AUTH_SG4 SYM SYM_S2 SYM_SG4,paper/logs/aes_gcm-rtlsim-_b2_i0_n128-20260821-152051.log
aes_gcm,sw_ttable,rtlsim,2,4,16,128,32,4096,65536,4751809,1257462,-b32 -i0 -n128,AUTH AUTH_S2 AUTH_SG4 SYM SYM_S2 SYM_SG4,paper/logs/aes_gcm-rtlsim-_b32_i0_n128-20260821-152108.log
aes_gcm,hw_s2_ilv,rtlsim,2,4,16,128,2,256,4096,77506,3904,-b2 -i11 -n128,AUTH AUTH_S2 AUTH_SG4 SYM SYM_S2 SYM_SG4,ablation/logs/aes_gcm-rtlsim-_b2_i11_n128-20260821-153443.log
aes_gcm,hw_s2_ilv,rtlsim,2,4,16,128,32,4096,65536,198357,19984,-b32 -i11 -n128,AUTH AUTH_S2 AUTH_SG4 SYM SYM_S2 SYM_SG4,ablation/logs/aes_gcm-rtlsim-_b32_i11_n128-20260821-153459.log
chacha_poly,sg16,rtlsim,2,4,16,64,1,64,4096,561386,146160,-b1 -i12 -n64,AUTH AUTH_POLY AUTH_POLY_STEP16 SYM SYM_CHACHA SYM_CHACHA_SG16,paper16/logs/chacha_poly-rtlsim-_b1_i12_n64-20260822-164555.log
chacha_poly,sg16,rtlsim,2,4,16,64,4,256,16384,577393,155568,-b4 -i12 -n64,AUTH AUTH_POLY AUTH_POLY_STEP16 SYM SYM_CHACHA SYM_CHACHA_SG16,paper16/logs/chacha_poly-rtlsim-_b4_i12_n64-20260822-164710.log
chacha_poly,sg16,rtlsim,2,4,16,64,16,1024,65536,648640,193200,-b16 -i12 -n64,AUTH AUTH_POLY AUTH_POLY_STEP16 SYM SYM_CHACHA SYM_CHACHA_SG16,paper16/logs/chacha_poly-rtlsim-_b16_i12_n64-20260822-164639.log
chacha_poly,sg16,rtlsim,2,4,16,64,32,2048,131072,743444,243376,-b32 -i12 -n64,AUTH AUTH_POLY AUTH_POLY_STEP16 SYM SYM_CHACHA SYM_CHACHA_SG16,paper16/logs/chacha_poly-rtlsim-_b32_i12_n64-20260822-164654.log
aes_gcm,hw_s1,rtlsim,2,4,16,128,2,256,4096,102775,11786,-b2 -i1 -n128,AUTH AUTH_S2 AUTH_SG4 SYM SYM_S2 SYM_SG4,paper16/logs/aes_gcm-rtlsim-_b2_i1_n128-20260822-164722.log
aes_gcm,hw_s1,rtlsim,2,4,16,128,32,4096,65536,326994,108746,-b32 -i1 -n128,AUTH AUTH_S2 AUTH_SG4 SYM SYM_S2 SYM_SG4,paper16/logs/aes_gcm-rtlsim-_b32_i1_n128-20260822-164801.log
aes_gcm,hw_s1,rtlsim,2,4,16,128,64,8192,131072,580088,212170,-b64 -i1 -n128,AUTH AUTH_S2 AUTH_SG4 SYM SYM_S2 SYM_SG4,paper16/logs/aes_gcm-rtlsim-_b64_i1_n128-20260822-164814.log
aes_gcm,hw_s1,rtlsim,2,4,16,128,8,1024,16384,149432,31178,-b8 -i1 -n128,AUTH AUTH_S2 AUTH_SG4 SYM SYM_S2 SYM_SG4,paper16/logs/aes_gcm-rtlsim-_b8_i1_n128-20260822-164837.log
aes_gcm,hw_s2,rtlsim,2,4,16,128,2,256,4096,67265,3776,-b2 -i10 -n128,AUTH AUTH_S2 AUTH_SG4 SYM SYM_S2 SYM_SG4,paper16/logs/aes_gcm-rtlsim-_b2_i10_n128-20260822-164843.log
aes_gcm,hw_s2,rtlsim,2,4,16,128,32,4096,65536,167648,19856,-b32 -i10 -n128,AUTH AUTH_S2 AUTH_SG4 SYM SYM_S2 SYM_SG4,paper16/logs/aes_gcm-rtlsim-_b32_i10_n128-20260822-164846.log
aes_gcm,hw_s2,rtlsim,2,4,16,128,64,8192,131072,281220,37008,-b64 -i10 -n128,AUTH AUTH_S2 AUTH_SG4 SYM SYM_S2 SYM_SG4,paper16/logs/aes_gcm-rtlsim-_b64_i10_n128-20260822-164852.log
aes_gcm,hw_s2,rtlsim,2,4,16,128,8,1024,16384,79211,6992,-b8 -i10 -n128,AUTH AUTH_S2 AUTH_SG4 SYM SYM_S2 SYM_SG4,paper16/logs/aes_gcm-rtlsim-_b8_i10_n128-20260822-164904.log
aes_gcm,hw_s3g,rtlsim,2,4,16,128,2,256,4096,62433,7362,-b2 -i8 -n128,AUTH AUTH_S2 AUTH_SG4 SYM SYM_S2 SYM_SG4,paper16/logs/aes_gcm-rtlsim-_b2_i8_n128-20260822-164907.log
aes_gcm,hw_s3g,rtlsim,2,4,16,128,32,4096,65536,116519,50562,-b32 -i8 -n128,AUTH AUTH_S2 AUTH_SG4 SYM SYM_S2 SYM_SG4,paper16/logs/aes_gcm-rtlsim-_b32_i8_n128-20260822-164909.log
aes_gcm,hw_s3g,rtlsim,2,4,16,128,64,8192,131072,177561,96642,-b64 -i8 -n128,AUTH AUTH_S2 AUTH_SG4 SYM SYM_S2 SYM_SG4,paper16/logs/aes_gcm-rtlsim-_b64_i8_n128-20260822-164914.log
aes_gcm,hw_s3g,rtlsim,2,4,16,128,8,1024,16384,70902,16002,-b8 -i8 -n128,AUTH AUTH_S2 AUTH_SG4 SYM SYM_S2 SYM_SG4,paper16/logs/aes_gcm-rtlsim-_b8_i8_n128-20260822-164921.log
aes_gcm,sw_ttable,rtlsim,2,4,16,128,2,256,4096,564590,116742,-b2 -i0 -n128,AUTH AUTH_S2 AUTH_SG4 SYM SYM_S2 SYM_SG4,paper16/logs/aes_gcm-rtlsim-_b2_i0_n128-20260822-164924.log
aes_gcm,sw_ttable,rtlsim,2,4,16,128,32,4096,65536,4751809,1257462,-b32 -i0 -n128,AUTH AUTH_S2 AUTH_SG4 SYM SYM_S2 SYM_SG4,paper16/logs/aes_gcm-rtlsim-_b32_i0_n128-20260822-164941.log
aes_gcm,sw_ttable,rtlsim,2,4,16,128,64,8192,131072,9396016,2474230,-b64 -i0 -n128,AUTH AUTH_S2 AUTH_SG4 SYM SYM_S2 SYM_SG4,paper16/logs/aes_gcm-rtlsim-_b64_i0_n128-20260822-165206.log
aes_gcm,sw_ttable,rtlsim,2,4,16,128,8,1024,16384,1417601,344886,-b8 -i0 -n128,AUTH AUTH_S2 AUTH_SG4 SYM SYM_S2 SYM_SG4,paper16/logs/aes_gcm-rtlsim-_b8_i0_n128-20260822-165655.log
chacha_poly,rori,rtlsim,2,4,16,64,1,64,4096,185286,14876,-b1 -i1 -n64,AUTH AUTH_POLY AUTH_POLY_SG4 SYM SYM_CHACHA SYM_CHACHA_S2 SYM_CHACHA_SG4,paper16/logs/chacha_poly-rtlsim-_b1_i1_n64-20260822-164139.log
chacha_poly,rori,rtlsim,2,4,16,64,16,1024,65536,962885,132956,-b16 -i1 -n64,AUTH AUTH_POLY AUTH_POLY_SG4 SYM SYM_CHACHA SYM_CHACHA_S2 SYM_CHACHA_SG4,paper16/logs/chacha_poly-rtlsim-_b16_i1_n64-20260822-164304.log
chacha_poly,rori,rtlsim,2,4,16,64,32,2048,131072,1751046,258908,-b32 -i1 -n64,AUTH AUTH_POLY AUTH_POLY_SG4 SYM SYM_CHACHA SYM_CHACHA_S2 SYM_CHACHA_SG4,paper16/logs/chacha_poly-rtlsim-_b32_i1_n64-20260822-164325.log
chacha_poly,rori,rtlsim,2,4,16,64,4,256,16384,339074,38492,-b4 -i1 -n64,AUTH AUTH_POLY AUTH_POLY_SG4 SYM SYM_CHACHA SYM_CHACHA_S2 SYM_CHACHA_SG4,paper16/logs/chacha_poly-rtlsim-_b4_i1_n64-20260822-164402.log
chacha_poly,s1,rtlsim,2,4,16,64,1,64,4096,92991,9368,-b1 -i7 -n64,AUTH AUTH_POLY AUTH_POLY_SG4 SYM SYM_CHACHA SYM_CHACHA_S2 SYM_CHACHA_SG4,paper16/logs/chacha_poly-rtlsim-_b1_i7_n64-20260822-164410.log
chacha_poly,s1,rtlsim,2,4,16,64,1,64,4096,97300,9368,-b1 -i7 -n64,AUTH AUTH_POLY AUTH_POLY_STEP16 SYM SYM_CHACHA SYM_CHACHA_SG16,paper16/logs/chacha_poly-rtlsim-_b1_i7_n64-20260822-180302.log
chacha_poly,s1,rtlsim,2,4,16,64,16,1024,65536,500015,81848,-b16 -i7 -n64,AUTH AUTH_POLY AUTH_POLY_SG4 SYM SYM_CHACHA SYM_CHACHA_S2 SYM_CHACHA_SG4,paper16/logs/chacha_poly-rtlsim-_b16_i7_n64-20260822-164412.log
chacha_poly,s1,rtlsim,2,4,16,64,16,1024,65536,510812,81848,-b16 -i7 -n64,AUTH AUTH_POLY AUTH_POLY_STEP16 SYM SYM_CHACHA SYM_CHACHA_SG16,paper16/logs/chacha_poly-rtlsim-_b16_i7_n64-20260822-180318.log
chacha_poly,s1,rtlsim,2,4,16,64,32,2048,131072,971710,159160,-b32 -i7 -n64,AUTH AUTH_POLY AUTH_POLY_SG4 SYM SYM_CHACHA SYM_CHACHA_S2 SYM_CHACHA_SG4,paper16/logs/chacha_poly-rtlsim-_b32_i7_n64-20260822-164423.log
chacha_poly,s1,rtlsim,2,4,16,64,32,2048,131072,983939,159160,-b32 -i7 -n64,AUTH AUTH_POLY AUTH_POLY_STEP16 SYM SYM_CHACHA SYM_CHACHA_SG16,paper16/logs/chacha_poly-rtlsim-_b32_i7_n64-20260822-180329.log
chacha_poly,s1,rtlsim,2,4,16,64,4,256,16384,184921,23864,-b4 -i7 -n64,AUTH AUTH_POLY AUTH_POLY_SG4 SYM SYM_CHACHA SYM_CHACHA_S2 SYM_CHACHA_SG4,paper16/logs/chacha_poly-rtlsim-_b4_i7_n64-20260822-164444.log
chacha_poly,s1,rtlsim,2,4,16,64,4,256,16384,202693,23864,-b4 -i7 -n64,AUTH AUTH_POLY AUTH_POLY_STEP16 SYM SYM_CHACHA SYM_CHACHA_SG16,paper16/logs/chacha_poly-rtlsim-_b4_i7_n64-20260822-180349.log
chacha_poly,s2,rtlsim,2,4,16,64,1,64,4096,69823,3872,-b1 -i10 -n64,AUTH AUTH_POLY AUTH_POLY_SG4 SYM SYM_CHACHA SYM_CHACHA_S2 SYM_CHACHA_SG4,paper16/logs/chacha_poly-rtlsim-_b1_i10_n64-20260822-164449.log
chacha_poly,s2,rtlsim,2,4,16,64,16,1024,65536,157498,31592,-b16 -i10 -n64,AUTH AUTH_POLY AUTH_POLY_SG4 SYM SYM_CHACHA SYM_CHACHA_S2 SYM_CHACHA_SG4,paper16/logs/chacha_poly-rtlsim-_b16_i10_n64-20260822-164450.log
chacha_poly,s2,rtlsim,2,4,16,64,32,2048,131072,282188,61160,-b32 -i10 -n64,AUTH AUTH_POLY AUTH_POLY_SG4 SYM SYM_CHACHA SYM_CHACHA_S2 SYM_CHACHA_SG4,paper16/logs/chacha_poly-rtlsim-_b32_i10_n64-20260822-164454.log
chacha_poly,s2,rtlsim,2,4,16,64,4,256,16384,88147,9416,-b4 -i10 -n64,AUTH AUTH_POLY AUTH_POLY_SG4 SYM SYM_CHACHA SYM_CHACHA_S2 SYM_CHACHA_SG4,paper16/logs/chacha_poly-rtlsim-_b4_i10_n64-20260822-164500.log
chacha_poly,s3f,rtlsim,2,4,16,64,1,64,4096,226475,27328,-b1 -i9 -n64,AUTH AUTH_POLY AUTH_POLY_SG4 SYM SYM_CHACHA SYM_CHACHA_S2 SYM_CHACHA_SG4,paper16/logs/chacha_poly-rtlsim-_b1_i9_n64-20260822-164503.log
chacha_poly,s3f,rtlsim,2,4,16,64,16,1024,65536,680841,114208,-b16 -i9 -n64,AUTH AUTH_POLY AUTH_POLY_SG4 SYM SYM_CHACHA SYM_CHACHA_S2 SYM_CHACHA_SG4,paper16/logs/chacha_poly-rtlsim-_b16_i9_n64-20260822-164508.log
chacha_poly,s3f,rtlsim,2,4,16,64,32,2048,131072,1057998,206880,-b32 -i9 -n64,AUTH AUTH_POLY AUTH_POLY_SG4 SYM SYM_CHACHA SYM_CHACHA_S2 SYM_CHACHA_SG4,paper16/logs/chacha_poly-rtlsim-_b32_i9_n64-20260822-164523.log
chacha_poly,s3f,rtlsim,2,4,16,64,32,2048,131072,1057998,206880,-b32 -i9 -n64,AUTH AUTH_POLY AUTH_POLY_STEP16 SYM SYM_CHACHA SYM_CHACHA_SG16,paper16/logs/chacha_poly-rtlsim-_b32_i9_n64-20260822-181004.log
chacha_poly,s3f,rtlsim,2,4,16,64,4,256,16384,320091,44704,-b4 -i9 -n64,AUTH AUTH_POLY AUTH_POLY_SG4 SYM SYM_CHACHA SYM_CHACHA_S2 SYM_CHACHA_SG4,paper16/logs/chacha_poly-rtlsim-_b4_i9_n64-20260822-164548.log
chacha_poly,sg16,rtlsim,2,4,16,64,1,64,4096,538854,152616,-b1 -i12 -n64,AUTH AUTH_POLY AUTH_POLY_STEP16 SYM SYM_CHACHA SYM_CHACHA_ARX16,arx16/logs/chacha_poly-rtlsim-_b1_i12_n64-20260822-213934.log
chacha_poly,sg16,rtlsim,2,4,16,64,4,256,16384,563738,179880,-b4 -i12 -n64,AUTH AUTH_POLY AUTH_POLY_STEP16 SYM SYM_CHACHA SYM_CHACHA_ARX16,arx16/logs/chacha_poly-rtlsim-_b4_i12_n64-20260822-214048.log
chacha_poly,sg16,rtlsim,2,4,16,64,16,1024,65536,712333,288936,-b16 -i12 -n64,AUTH AUTH_POLY AUTH_POLY_STEP16 SYM SYM_CHACHA SYM_CHACHA_ARX16,arx16/logs/chacha_poly-rtlsim-_b16_i12_n64-20260822-214014.log
chacha_poly,sg16,rtlsim,2,4,16,64,32,2048,131072,920291,434344,-b32 -i12 -n64,AUTH AUTH_POLY AUTH_POLY_STEP16 SYM SYM_CHACHA SYM_CHACHA_ARX16,arx16/logs/chacha_poly-rtlsim-_b32_i12_n64-20260822-214029.log
